"Ac","Activities","Uniclass2"
"Ac_20","Administrative, Commercial And Protective Service Activities","Ac"
"Ac_20_10","Legislative Activities","Ac_20"
"Ac_20_10_15","Council Activities","Ac_20_10"
"Ac_20_10_60","Parliamentary Activities","Ac_20_10"
"Ac_20_10_66","Public Viewing Of Council Activities","Ac_20_10"
"Ac_20_10_68","Public Viewing Of Parliamentary Activities","Ac_20_10"
"Ac_20_20","Institutional Administrative Activities","Ac_20"
"Ac_20_20_07","Benefits Administration","Ac_20_20"
"Ac_20_20_40","Individual Institutional Activities","Ac_20_20"
"Ac_20_20_42","Institutional Cash Taking","Ac_20_20"
"Ac_20_20_43","Institutional Word Processing ","Ac_20_20"
"Ac_20_20_44","Job Centre Administration","Ac_20_20"
"Ac_20_20_59","Open-Plan Institutional Activities","Ac_20_20"
"Ac_20_20_65","Press Activities","Ac_20_20"
"Ac_20_20_77","Shared Institutional Activities","Ac_20_20"
"Ac_20_20_96","War Room Activities (crash Planning)","Ac_20_20"
"Ac_20_30","Secular Representative Activities","Ac_20"
"Ac_20_30_16","Consulate Receptions","Ac_20_30"
"Ac_20_30_27","Embassy Receptions","Ac_20_30"
"Ac_20_30_37","High Commission Receptions","Ac_20_30"
"Ac_20_30_47","Legation Receptions","Ac_20_30"
"Ac_20_30_60","Passport Administration","Ac_20_30"
"Ac_20_35","Religious Representative Activities","Ac_20"
"Ac_20_35_71","Religious Representative Receptions","Ac_20_35"
"Ac_20_40","Financial Activities","Ac_20"
"Ac_20_40_06","Banking","Ac_20_40"
"Ac_20_40_07","Bank Telling","Ac_20_40"
"Ac_20_40_19","Currency Exchanging","Ac_20_40"
"Ac_20_40_22","Dealing","Ac_20_40"
"Ac_20_40_75","Safe Depositing","Ac_20_40"
"Ac_20_40_90","Trading","Ac_20_40"
"Ac_20_40_94","Vault Storing","Ac_20_40"
"Ac_20_50","Administrative Activities","Ac_20"
"Ac_20_50_11","Caretaking","Ac_20_50"
"Ac_20_50_28","Executive Activities","Ac_20_50"
"Ac_20_50_30","Filing","Ac_20_50"
"Ac_20_50_42","Individual Administrative Activities","Ac_20_50"
"Ac_20_50_59","Open-Plan Administrative Activities","Ac_20_50"
"Ac_20_50_64","Photocopying","Ac_20_50"
"Ac_20_50_77","Shared Commercial Activities","Ac_20_50"
"Ac_20_50_80","Stationery Storing","Ac_20_50"
"Ac_20_50_96","Word Processing","Ac_20_50"
"Ac_20_50_97","Workstation Activities","Ac_20_50"
"Ac_20_55","Design Activities","Ac_20"
"Ac_20_55_04","Art And Designing","Ac_20_55"
"Ac_20_55_23","Drawing","Ac_20_55"
"Ac_20_60","Motor Vehicle Sale, Maintenance And Fuel Activities","Ac_20"
"Ac_20_60_11","Car Washing","Ac_20_60"
"Ac_20_60_50","Motor Cycle Maintaining","Ac_20_60"
"Ac_20_60_51","Motor Cycle Parts And Accessories Selling","Ac_20_60"
"Ac_20_60_52","Motor Cycle Selling","Ac_20_60"
"Ac_20_60_53","Motor Vehicle Maintaining","Ac_20_60"
"Ac_20_60_54","Motor Vehicle Parts And Accessories Selling","Ac_20_60"
"Ac_20_60_55","Motor Vehicle Selling","Ac_20_60"
"Ac_20_60_62","Petrol Station Air And Water Dispensing","Ac_20_60"
"Ac_20_60_64","Petrol Station Filling","Ac_20_60"
"Ac_20_60_66","Petrol Station Fuel Storing","Ac_20_60"
"Ac_20_62","Commercial Wholesale Activities","Ac_20"
"Ac_20_62_03","Alcoholic Beverages Wholesale Selling","Ac_20_62"
"Ac_20_62_10","Builders’ Merchant Wholesale Selling","Ac_20_62"
"Ac_20_62_14","Clothing Wholesale Selling","Ac_20_62"
"Ac_20_62_21","Dairy Wholesale Selling","Ac_20_62"
"Ac_20_62_29","Factory Machinery Wholesale Selling","Ac_20_62"
"Ac_20_62_30","Fish Market Wholesale Selling","Ac_20_62"
"Ac_20_62_31","Flower Market Wholesale Selling","Ac_20_62"
"Ac_20_62_32","Fruit And Vegetable Wholesale Selling","Ac_20_62"
"Ac_20_62_34","Grains Wholesale Selling","Ac_20_62"
"Ac_20_62_36","Hardware, Plumbing And Heating Wholesale Selling","Ac_20_62"
"Ac_20_62_37","Heavy Machinery Wholesale Selling","Ac_20_62"
"Ac_20_62_38","Household Goods Wholesale Selling","Ac_20_62"
"Ac_20_62_47","Livestock Wholesale Selling","Ac_20_62"
"Ac_20_62_48","Livestock Storage","Ac_20_62"
"Ac_20_62_52","Meat Wholesale Selling","Ac_20_62"
"Ac_20_62_58","Office Equipment Wholesale Selling","Ac_20_62"
"Ac_20_62_65","Plumbers’ Merchant Wholesale Selling","Ac_20_62"
"Ac_20_62_78","Skins And Hides Wholesale Selling","Ac_20_62"
"Ac_20_62_82","Spice Wholesale Selling","Ac_20_62"
"Ac_20_62_89","Toys And Games Wholesale Selling","Ac_20_62"
"Ac_20_62_96","Waste And Scrap Wholesale Selling","Ac_20_62"
"Ac_20_64","Commercial Retail Activities","Ac_20"
"Ac_20_64_02","Antiques Retail Selling","Ac_20_64"
"Ac_20_64_04","Art Auctioning","Ac_20_64"
"Ac_20_64_06","Beauty Treating","Ac_20_64"
"Ac_20_64_07","Bicycle Parts And Accessories Retail Selling","Ac_20_64"
"Ac_20_64_08","Booking","Ac_20_64"
"Ac_20_64_12","Checking Out","Ac_20_64"
"Ac_20_64_14","Coal Retail Selling","Ac_20_64"
"Ac_20_64_16","Collecting","Ac_20_64"
"Ac_20_64_18","Commercial Art Retail Selling","Ac_20_64"
"Ac_20_64_20","Commercial Cash Taking","Ac_20_64"
"Ac_20_64_22","Department Store Retail Selling","Ac_20_64"
"Ac_20_64_27","Equipment Servicing","Ac_20_64"
"Ac_20_64_29","Factory Retail Selling","Ac_20_64"
"Ac_20_64_30","Fitting","Ac_20_64"
"Ac_20_64_31","Florist Retail Selling","Ac_20_64"
"Ac_20_64_32","Food And Drink Retail Selling","Ac_20_64"
"Ac_20_64_33","Food Retail Selling","Ac_20_64"
"Ac_20_64_34","Furniture Auctioning","Ac_20_64"
"Ac_20_64_36","Haircutting","Ac_20_64"
"Ac_20_64_42","Indoor Market Retail Selling","Ac_20_64"
"Ac_20_64_45","Key Cutting","Ac_20_64"
"Ac_20_64_50","Mail Order Sorting","Ac_20_64"
"Ac_20_64_56","Newsagent Retail Selling","Ac_20_64"
"Ac_20_64_59","Outdoor Market Retail Selling","Ac_20_64"
"Ac_20_64_77","Shoe Repairing","Ac_20_64"
"Ac_20_64_78","Shopping Arcades Circulating (shopper Moving)","Ac_20_64"
"Ac_20_64_79","Show Activities","Ac_20_64"
"Ac_20_64_85","Supermarket Retail Selling","Ac_20_64"
"Ac_20_64_88","Temporary Food And Drink Retail Selling","Ac_20_64"
"Ac_20_64_93","Utilities Servicing","Ac_20_64"
"Ac_20_65","Postal Communications Activities ","Ac_20"
"Ac_20_65_48","Overhead Security Observing","Ac_20_65"
"Ac_20_65_50","Mail Sorting","Ac_20_65"
"Ac_20_65_60","Parcelling","Ac_20_65"
"Ac_20_65_62","Post Office Box Activities","Ac_20_65"
"Ac_20_65_64","Post Office Counter Activities","Ac_20_65"
"Ac_20_65_66","Post Office Queuing","Ac_20_65"
"Ac_20_65_68","Postal Sorting","Ac_20_65"
"Ac_20_70","Military Activities","Ac_20"
"Ac_20_70_02","Air Raid Sheltering","Ac_20_70"
"Ac_20_70_04","Arms Storing","Ac_20_70"
"Ac_20_70_09","Bomb Sheltering","Ac_20_70"
"Ac_20_70_27","Emergency Sheltering","Ac_20_70"
"Ac_20_70_29","Fallout Sheltering","Ac_20_70"
"Ac_20_70_31","Firing Of Weapons","Ac_20_70"
"Ac_20_70_52","Military Camping","Ac_20_70"
"Ac_20_70_54","Military Parading","Ac_20_70"
"Ac_20_70_88","Testing Of Weapons","Ac_20_70"
"Ac_20_70_90","Training","Ac_20_70"
"Ac_20_80","Law Enforcement And Judicial Activities","Ac_20"
"Ac_20_80_15","Court Activities","Ac_20_80"
"Ac_20_80_28","Evidence Storing","Ac_20_80"
"Ac_20_80_37","Holding Of Prisoners","Ac_20_80"
"Ac_20_80_41","Judges’ Seating","Ac_20_80"
"Ac_20_80_42","Judges’ Activities","Ac_20_80"
"Ac_20_80_44","Jury Seating","Ac_20_80"
"Ac_20_80_45","Jury Deliberating","Ac_20_80"
"Ac_20_80_68","Public Gallery Viewing","Ac_20_80"
"Ac_20_80_77","Secure Interviewing","Ac_20_80"
"Ac_20_80_97","Witness Standing","Ac_20_80"
"Ac_20_85","Detention Activities","Ac_20"
"Ac_20_85_15","Communal Inmate Day Activities","Ac_20_85"
"Ac_20_85_22","Detaining","Ac_20_85"
"Ac_20_85_28","Exercising","Ac_20_85"
"Ac_20_85_35","Guarding Detainees","Ac_20_85"
"Ac_20_85_38","Holding","Ac_20_85"
"Ac_20_85_59","Open Secure Visiting","Ac_20_85"
"Ac_20_85_66","Private Secure Visiting","Ac_20_85"
"Ac_20_85_95","Vehicle Impounding","Ac_20_85"
"Ac_20_87","Security Activities","Ac_20"
"Ac_20_87_06","Bag Searching","Ac_20_87"
"Ac_20_87_32","Frisking","Ac_20_87"
"Ac_20_87_63","Pedestrian Security Checking","Ac_20_87"
"Ac_20_87_76","Security Screening","Ac_20_87"
"Ac_20_87_86","Strip Searching","Ac_20_87"
"Ac_20_87_95","Vehicular Security Checking","Ac_20_87"
"Ac_20_90","Fire And Rescue Activities","Ac_20"
"Ac_20_90_27","Emergency Communicating","Ac_20_90"
"Ac_20_90_28","Emergency Vehicle Standing","Ac_20_90"
"Ac_20_90_30","Fire Refuge","Ac_20_90"
"Ac_20_90_31","Fire Training","Ac_20_90"
"Ac_20_90_71","Rescue Gear Storing","Ac_20_90"
"Ac_20_95","Reception Activities","Ac_20"
"Ac_20_95_72","Reception","Ac_20_95"
"Ac_20_95_73","Registering","Ac_20_95"
"Ac_20_95_96","Waiting","Ac_20_95"
"Ac_25","Cultural, Educational, Scientific And Information Activities","Ac"
"Ac_25_05","Cultural Activities","Ac_25"
"Ac_25_05_20","Cultural Parading","Ac_25_05"
"Ac_25_05_66","Processing And Marching","Ac_25_05"
"Ac_25_05_72","Remembering","Ac_25_05"
"Ac_25_10","Educational Activities","Ac_25"
"Ac_25_10_01","Adult Education Teaching","Ac_25_10"
"Ac_25_10_04","Art Teaching","Ac_25_10"
"Ac_25_10_05","Assembling","Ac_25_10"
"Ac_25_10_08","Breaking Out","Ac_25_10"
"Ac_25_10_15","Computer Teaching","Ac_25_10"
"Ac_25_10_17","Craft Teaching","Ac_25_10"
"Ac_25_10_21","Dance Teaching","Ac_25_10"
"Ac_25_10_23","Dissection Teaching","Ac_25_10"
"Ac_25_10_25","Drama Teaching","Ac_25_10"
"Ac_25_10_37","Home Economics Teaching","Ac_25_10"
"Ac_25_10_42","Infant Teaching","Ac_25_10"
"Ac_25_10_46","Language Teaching","Ac_25_10"
"Ac_25_10_47","Lecturing","Ac_25_10"
"Ac_25_10_51","Metalwork Teaching","Ac_25_10"
"Ac_25_10_55","Music Teaching","Ac_25_10"
"Ac_25_10_62","Plastics Work Teaching","Ac_25_10"
"Ac_25_10_64","Pre-Tertiary Teaching","Ac_25_10"
"Ac_25_10_66","Primary Teaching","Ac_25_10"
"Ac_25_10_71","Religious Education Teaching","Ac_25_10"
"Ac_25_10_77","Secondary Teaching","Ac_25_10"
"Ac_25_10_78","Seminar Activities","Ac_25_10"
"Ac_25_10_80","Staff Common Activities","Ac_25_10"
"Ac_25_10_82","Student Common Activities","Ac_25_10"
"Ac_25_10_84","Studying","Ac_25_10"
"Ac_25_10_90","Tertiary Teaching","Ac_25_10"
"Ac_25_10_97","Woodwork Teaching","Ac_25_10"
"Ac_25_30","Scientific Laboratory Activities","Ac_25"
"Ac_25_30_02","Analytical Chemistry Researching","Ac_25_30"
"Ac_25_30_03","Animal Researching","Ac_25_30"
"Ac_25_30_04","Astronomical Researching","Ac_25_30"
"Ac_25_30_05","Astronomical Observing","Ac_25_30"
"Ac_25_30_07","Biological Researching","Ac_25_30"
"Ac_25_30_08","Biology Research Teaching","Ac_25_30"
"Ac_25_30_10","Bioscience Researching","Ac_25_30"
"Ac_25_30_13","Chemistry Research Teaching","Ac_25_30"
"Ac_25_30_15","Clinical Biochemistry Researching","Ac_25_30"
"Ac_25_30_16","Clinical Microbiology Researching","Ac_25_30"
"Ac_25_30_17","Clinical Pathology Researching","Ac_25_30"
"Ac_25_30_19","Containment Researching","Ac_25_30"
"Ac_25_30_23","Dry Research Activities","Ac_25_30"
"Ac_25_30_26","Earth Sciences Researching","Ac_25_30"
"Ac_25_30_31","Forensics Researching","Ac_25_30"
"Ac_25_30_33","Geology Researching","Ac_25_30"
"Ac_25_30_42","Inorganic Chemistry Researching","Ac_25_30"
"Ac_25_30_58","Optical Physics Researching","Ac_25_30"
"Ac_25_30_59","Organic Chemistry Researching","Ac_25_30"
"Ac_25_30_63","Physical Chemistry Researching","Ac_25_30"
"Ac_25_30_65","Physical Sciences Researching","Ac_25_30"
"Ac_25_30_66","Physics Research Teaching","Ac_25_30"
"Ac_25_30_68","Psychology Researching","Ac_25_30"
"Ac_25_30_80","Solar Observing","Ac_25_30"
"Ac_25_30_90","Toxicology Researching","Ac_25_30"
"Ac_25_30_96","Wet Research Activities","Ac_25_30"
"Ac_25_35","Scientific Ancillary Activities","Ac_25"
"Ac_25_35_02","Anechoic Activities","Ac_25_35"
"Ac_25_35_03","Animal Holding","Ac_25_35"
"Ac_25_35_05","Autoclaving","Ac_25_35"
"Ac_25_35_06","Bioscience Equipment Storing","Ac_25_35"
"Ac_25_35_08","Blood Storing","Ac_25_35"
"Ac_25_35_14","Chemicals Storing","Ac_25_35"
"Ac_25_35_16","Clean Activities","Ac_25_35"
"Ac_25_35_18","Computer Activities","Ac_25_35"
"Ac_25_35_19","Containment","Ac_25_35"
"Ac_25_35_21","Dark Room Activities","Ac_25_35"
"Ac_25_35_28","Experiment Controlling","Ac_25_35"
"Ac_25_35_29","Flammable Chemical Storing","Ac_25_35"
"Ac_25_35_30","Flow Cytometry","Ac_25_35"
"Ac_25_35_36","Hyperbaric Activities","Ac_25_35"
"Ac_25_35_42","Instrument Activities","Ac_25_35"
"Ac_25_35_46","Laboratory Cold Storing","Ac_25_35"
"Ac_25_35_47","Laboratory Warm Storing","Ac_25_35"
"Ac_25_35_70","Radiation Shielded Activities","Ac_25_35"
"Ac_25_35_76","Seismograph Activities","Ac_25_35"
"Ac_25_35_88","Tissue Culturing","Ac_25_35"
"Ac_25_50","Exhibition Activities","Ac_25"
"Ac_25_50_04","Art Exhibiting","Ac_25_50"
"Ac_25_50_15","Collection Exhibiting","Ac_25_50"
"Ac_25_50_16","Conservation","Ac_25_50"
"Ac_25_50_21","Dioramas","Ac_25_50"
"Ac_25_50_22","Displaying","Ac_25_50"
"Ac_25_50_29","Fauna Exhibiting","Ac_25_50"
"Ac_25_50_31","Flora Exhibiting","Ac_25_50"
"Ac_25_50_55","Multipurpose Exhibiting","Ac_25_50"
"Ac_25_50_63","Planetaria Observing","Ac_25_50"
"Ac_25_50_66","Product Displaying","Ac_25_50"
"Ac_25_50_73","Sculpture Exhibiting","Ac_25_50"
"Ac_25_50_87","Temporary Exhibiting","Ac_25_50"
"Ac_25_50_90","Touching Living Creatures","Ac_25_50"
"Ac_25_50_93","Underwater Viewing","Ac_25_50"
"Ac_25_50_94","Viewing","Ac_25_50"
"Ac_25_70","Information Activities","Ac_25"
"Ac_25_70_04","Archiving","Ac_25_70"
"Ac_25_70_05","Audio-Visual Studying","Ac_25_70"
"Ac_25_70_08","Borrowing And Returning","Ac_25_70"
"Ac_25_70_11","Cataloguing","Ac_25_70"
"Ac_25_70_15","Conferencing","Ac_25_70"
"Ac_25_70_18","Conserving","Ac_25_70"
"Ac_25_70_23","Drawings Studying","Ac_25_70"
"Ac_25_70_27","Enquiring","Ac_25_70"
"Ac_25_70_30","Film Storing","Ac_25_70"
"Ac_25_70_46","Lending","Ac_25_70"
"Ac_25_70_47","Library Storing","Ac_25_70"
"Ac_25_70_50","Map Reading","Ac_25_70"
"Ac_25_70_56","Newspaper Reading","Ac_25_70"
"Ac_25_70_62","Photocopying","Ac_25_70"
"Ac_25_70_63","Photograph Studying","Ac_25_70"
"Ac_25_70_71","Reading","Ac_25_70"
"Ac_25_70_72","Referencing","Ac_25_70"
"Ac_25_70_82","Studying","Ac_25_70"
"Ac_25_90","Worship Activities","Ac_25"
"Ac_25_90_06","Baptising","Ac_25_90"
"Ac_25_90_09","Blessing","Ac_25_90"
"Ac_25_90_11","Celebrating","Ac_25_90"
"Ac_25_90_12","Ceremonial Activities","Ac_25_90"
"Ac_25_90_17","Choral Singing","Ac_25_90"
"Ac_25_90_18","Congregational Singing","Ac_25_90"
"Ac_25_90_52","Meditating","Ac_25_90"
"Ac_25_90_53","Mens’ Praying","Ac_25_90"
"Ac_25_90_59","Orienting To Mecca","Ac_25_90"
"Ac_25_90_66","Processing","Ac_25_90"
"Ac_25_90_68","Preaching","Ac_25_90"
"Ac_25_90_71","Reading The Torah","Ac_25_90"
"Ac_25_90_72","Reflecting","Ac_25_90"
"Ac_25_90_75","Sacramental Activities","Ac_25_90"
"Ac_25_90_97","Womens’ Praying","Ac_25_90"
"Ac_25_90_98","Worshipping","Ac_25_90"
"Ac_25_95","Worship Ancillary Activities","Ac_25"
"Ac_25_95_07","Bell Hanging","Ac_25_95"
"Ac_25_95_08","Bell Ringing","Ac_25_95"
"Ac_25_95_10","Burial (under A Church)","Ac_25_95"
"Ac_25_95_12","Chapter Meeting","Ac_25_95"
"Ac_25_95_13","Circumcising","Ac_25_95"
"Ac_25_95_14","Walking Under Cover","Ac_25_95"
"Ac_25_95_15","Confessing","Ac_25_95"
"Ac_25_95_33","Gallery Viewing","Ac_25_95"
"Ac_25_95_50","Marrying","Ac_25_95"
"Ac_25_95_75","Sanctuary Providing","Ac_25_95"
"Ac_25_95_90","Treasure Storing","Ac_25_95"
"Ac_25_95_94","Vestment Donning And Removing","Ac_25_95"
"Ac_30","Industrial Activities","Ac"
"Ac_30_10","Mineral Extraction Activities","Ac_30"
"Ac_30_10_28","Explosives Storing","Ac_30_10"
"Ac_30_10_52","Mineral Storing","Ac_30_10"
"Ac_30_10_57","Offshore Oil And Gas Drilling ","Ac_30_10"
"Ac_30_10_58","Oil And Gas Storing","Ac_30_10"
"Ac_30_10_59","Onshore Oil And Gas Drilling","Ac_30_10"
"Ac_30_10_60","Opencast Mining","Ac_30_10"
"Ac_30_10_69","Quarrying","Ac_30_10"
"Ac_30_10_85","Surface Mining","Ac_30_10"
"Ac_30_10_91","Underground Mining","Ac_30_10"
"Ac_30_10_92","Underground Mine Hoist Controlling","Ac_30_10"
"Ac_30_10_93","Underground Mine Access","Ac_30_10"
"Ac_30_10_94","Underground Mine Tunnelling","Ac_30_10"
"Ac_30_20","Agricultural Activities","Ac_30"
"Ac_30_20_03","Animal Exercising","Ac_30_20"
"Ac_30_20_04","Animal Housing","Ac_30_20"
"Ac_30_20_11","Caging","Ac_30_20"
"Ac_30_20_12","Cattle Housing","Ac_30_20"
"Ac_30_20_18","Crofting","Ac_30_20"
"Ac_30_20_24","Dungsteading","Ac_30_20"
"Ac_30_20_25","Farm Effluent Tanking","Ac_30_20"
"Ac_30_20_26","Farm Goods Selling","Ac_30_20"
"Ac_30_20_27","Feed Storing","Ac_30_20"
"Ac_30_20_28","Field Grazing","Ac_30_20"
"Ac_30_20_29","Fish Cultivating","Ac_30_20"
"Ac_30_20_30","Fishing","Ac_30_20"
"Ac_30_20_31","Foresting","Ac_30_20"
"Ac_30_20_34","Glasshouse Growing","Ac_30_20"
"Ac_30_20_36","Grain Storing","Ac_30_20"
"Ac_30_20_39","Hothouse Growing","Ac_30_20"
"Ac_30_20_47","Livestock Activities","Ac_30_20"
"Ac_30_20_52","Milking","Ac_30_20"
"Ac_30_20_55","Mushroom Cultivating","Ac_30_20"
"Ac_30_20_62","Penning","Ac_30_20"
"Ac_30_20_63","Pig Housing","Ac_30_20"
"Ac_30_20_64","Plant Breeding","Ac_30_20"
"Ac_30_20_66","Poultry Housing","Ac_30_20"
"Ac_30_20_77","Shearing","Ac_30_20"
"Ac_30_20_78","Sheep Dipping","Ac_30_20"
"Ac_30_20_80","Slurry Tanking","Ac_30_20"
"Ac_30_20_83","Stabling","Ac_30_20"
"Ac_30_20_99","Yard Activities","Ac_30_20"
"Ac_30_30","Mineral Processing Activities","Ac_30"
"Ac_30_30_58","Ore Processing","Ac_30_30"
"Ac_30_30_59","Oil And Gas Processing","Ac_30_30"
"Ac_30_40","Agricultural Processing Activities","Ac_30"
"Ac_30_40_06","Baking","Ac_30_40"
"Ac_30_40_07","Bottling","Ac_30_40"
"Ac_30_40_09","Brewing","Ac_30_40"
"Ac_30_40_10","Butter-Making","Ac_30_40"
"Ac_30_40_11","Canning","Ac_30_40"
"Ac_30_40_12","Carcase Cold Storing","Ac_30_40"
"Ac_30_40_13","Carcase Processing","Ac_30_40"
"Ac_30_40_18","Cheese Maturing","Ac_30_40"
"Ac_30_40_22","Distilling","Ac_30_40"
"Ac_30_40_29","Factory Selling","Ac_30_40"
"Ac_30_40_30","Fish Processing","Ac_30_40"
"Ac_30_40_31","Fish Smoking","Ac_30_40"
"Ac_30_40_32","Fresh Fruit Packing","Ac_30_40"
"Ac_30_40_33","Fresh Vegetable Packing","Ac_30_40"
"Ac_30_40_44","Juicing","Ac_30_40"
"Ac_30_40_46","Leather Tanning","Ac_30_40"
"Ac_30_40_52","Meat Smoking","Ac_30_40"
"Ac_30_40_53","Micro-Brewing","Ac_30_40"
"Ac_30_40_54","Milk Processing","Ac_30_40"
"Ac_30_40_65","Poultry Processing","Ac_30_40"
"Ac_30_40_75","Sawing","Ac_30_40"
"Ac_30_40_80","Slaughtering","Ac_30_40"
"Ac_30_40_88","Threshing","Ac_30_40"
"Ac_30_40_90","Tobacco Drying","Ac_30_40"
"Ac_30_40_96","Wine Making","Ac_30_40"
"Ac_30_40_98","Wool Sorting","Ac_30_40"
"Ac_30_50","Manufacturing Activities","Ac_30"
"Ac_30_50_06","Batching","Ac_30_50"
"Ac_30_50_08","Brick Firing","Ac_30_50"
"Ac_30_50_11","Ceramic Firing","Ac_30_50"
"Ac_30_50_27","Electronics Clean Activities","Ac_30_50"
"Ac_30_50_29","Factory Selling","Ac_30_50"
"Ac_30_50_30","Finished Vehicle Storing","Ac_30_50"
"Ac_30_50_53","Mixing","Ac_30_50"
"Ac_30_50_60","Packaging ","Ac_30_50"
"Ac_30_50_62","Pharmaceuticals Clean Activities","Ac_30_50"
"Ac_30_50_64","Printing","Ac_30_50"
"Ac_30_50_66","Production Servicing And Repairing","Ac_30_50"
"Ac_30_50_69","Quality Controlling","Ac_30_50"
"Ac_30_50_70","Raw Materials Storing","Ac_30_50"
"Ac_30_50_77","Sheltered Manufacturing","Ac_30_50"
"Ac_30_50_80","Spraying","Ac_30_50"
"Ac_30_50_90","Vehicle Finishing","Ac_30_50"
"Ac_30_50_91","Waste Gas Storing","Ac_30_50"
"Ac_30_50_92","Waste Gas Treating","Ac_30_50"
"Ac_30_50_93","Waste Liquids Storing","Ac_30_50"
"Ac_30_50_94","Waste Liquids Treating","Ac_30_50"
"Ac_30_50_95","Waste Solids Storing","Ac_30_50"
"Ac_30_50_96","Waste Solids Treating","Ac_30_50"
"Ac_30_50_97","Waste Water Treating","Ac_30_50"
"Ac_30_50_98","Work Benching","Ac_30_50"
"Ac_30_60","Cleaning And Maintenance Activities","Ac_30"
"Ac_30_60_15","Commercial Laundering","Ac_30_60"
"Ac_30_60_23","Domestic Laundering","Ac_30_60"
"Ac_30_60_25","Drying And Airing","Ac_30_60"
"Ac_30_60_46","Laundering","Ac_30_60"
"Ac_30_90","Warehousing And Distribution Activities","Ac_30"
"Ac_30_90_10","Builders’ Storing","Ac_30_90"
"Ac_30_90_29","Factory Seconds Selling","Ac_30_90"
"Ac_30_90_48","Loading","Ac_30_90"
"Ac_30_90_50","Maintenance Storing","Ac_30_90"
"Ac_30_90_65","Road Salt Storing","Ac_30_90"
"Ac_30_90_80","Sorting And Distributing","Ac_30_90"
"Ac_30_90_96","Warehousing","Ac_30_90"
"Ac_30_95","Storing Activities","Ac_30"
"Ac_30_95_04","Attic Storing","Ac_30_95"
"Ac_30_95_12","Cellar Storing","Ac_30_95"
"Ac_30_95_14","Cloak Storing","Ac_30_95"
"Ac_30_95_15","Cold Storing","Ac_30_95"
"Ac_30_95_33","Goods Delivery","Ac_30_95"
"Ac_30_95_34","Goods Storing","Ac_30_95"
"Ac_30_95_35","Goods Warehousing","Ac_30_95"
"Ac_30_95_36","Hazardous Waste Storing ","Ac_30_95"
"Ac_30_95_47","Left Luggage Storing","Ac_30_95"
"Ac_30_95_59","Outdoor Storing","Ac_30_95"
"Ac_30_95_77","Secure Storing","Ac_30_95"
"Ac_30_95_80","Small Shed Activities","Ac_30_95"
"Ac_30_95_85","Stock Activities","Ac_30_95"
"Ac_30_95_86","Storing","Ac_30_95"
"Ac_30_95_94","Vault Storing","Ac_30_95"
"Ac_30_95_96","Waste Storing","Ac_30_95"
"Ac_35","Medical, Health, Welfare And Sanitary Activities","Ac"
"Ac_35_10","Medical Activities","Ac_35"
"Ac_35_10_01","Accident And Emergency Waiting","Ac_35_10"
"Ac_35_10_08","Birthing","Ac_35_10"
"Ac_35_10_10","Burns Treating","Ac_35_10"
"Ac_35_10_12","Children’s Caring","Ac_35_10"
"Ac_35_10_15","Consulting","Ac_35_10"
"Ac_35_10_18","Ct And Other Scanning","Ac_35_10"
"Ac_35_10_22","Dental Surgery","Ac_35_10"
"Ac_35_10_23","Dissecting","Ac_35_10"
"Ac_35_10_24","Doctors’ Consulting","Ac_35_10"
"Ac_35_10_30","Field Surgery","Ac_35_10"
"Ac_35_10_36","Hearing Testing","Ac_35_10"
"Ac_35_10_37","Hospital Laundering","Ac_35_10"
"Ac_35_10_38","Hospital Records Storing","Ac_35_10"
"Ac_35_10_42","Intensive Caring","Ac_35_10"
"Ac_35_10_43","Isolation Caring","Ac_35_10"
"Ac_35_10_50","Maternity Caring","Ac_35_10"
"Ac_35_10_57","Nursing","Ac_35_10"
"Ac_35_10_58","Occupational Therapy","Ac_35_10"
"Ac_35_10_59","Operating","Ac_35_10"
"Ac_35_10_64","Pharmaceutical Dispensing","Ac_35_10"
"Ac_35_10_65","Pharmacy Storing","Ac_35_10"
"Ac_35_10_66","Physiotherapy","Ac_35_10"
"Ac_35_10_68","Prosthetics Rehabilitating","Ac_35_10"
"Ac_35_10_70","Radiography","Ac_35_10"
"Ac_35_10_71","Radiotherapy","Ac_35_10"
"Ac_35_10_73","Recovering","Ac_35_10"
"Ac_35_10_74","Rehabilitating","Ac_35_10"
"Ac_35_10_76","Screening Research","Ac_35_10"
"Ac_35_30","Health Activities","Ac_35"
"Ac_35_30_08","Blood Donating","Ac_35_30"
"Ac_35_30_22","Dental Surgery","Ac_35_30"
"Ac_35_30_23","Doctors’ Consulting","Ac_35_30"
"Ac_35_30_30","First Aiding","Ac_35_30"
"Ac_35_30_37","Health Waiting","Ac_35_30"
"Ac_35_30_52","Minor Operating","Ac_35_30"
"Ac_35_30_57","Nursing","Ac_35_30"
"Ac_35_30_63","Pharmaceutical Dispensing","Ac_35_30"
"Ac_35_30_64","Physiotherapy","Ac_35_30"
"Ac_35_30_67","Prosthetics Rehabilitating","Ac_35_30"
"Ac_35_30_72","Records Storing","Ac_35_30"
"Ac_35_30_76","Screening Researching","Ac_35_30"
"Ac_35_30_78","Sick Caring","Ac_35_30"
"Ac_35_30_87","Tattooing","Ac_35_30"
"Ac_35_50","Welfare Activities","Ac_35"
"Ac_35_50_15","Convalescing","Ac_35_50"
"Ac_35_50_28","Exercising","Ac_35_50"
"Ac_35_50_36","Homeless Eating","Ac_35_50"
"Ac_35_50_37","Homeless Sleeping","Ac_35_50"
"Ac_35_50_38","Hospice Sleeping","Ac_35_50"
"Ac_35_50_42","Infant Day Activities","Ac_35_50"
"Ac_35_50_55","Needle Using","Ac_35_50"
"Ac_35_50_57","Nursing Home Sleeping","Ac_35_50"
"Ac_35_50_75","Sanatoria Caring","Ac_35_50"
"Ac_35_50_80","Soup Dispensing","Ac_35_50"
"Ac_35_50_85","Suicide-Watching","Ac_35_50"
"Ac_35_50_97","Welfare Interviewing","Ac_35_50"
"Ac_35_70","Funerary Activities","Ac_35"
"Ac_35_70_04","Ash Urn Storing","Ac_35_70"
"Ac_35_70_10","Burial (in Ground)","Ac_35_70"
"Ac_35_70_15","Communal Memorialising","Ac_35_70"
"Ac_35_70_16","Corpse Holding","Ac_35_70"
"Ac_35_70_17","Corpse Observing","Ac_35_70"
"Ac_35_70_18","Cremating","Ac_35_70"
"Ac_35_70_29","Family Memorialising","Ac_35_70"
"Ac_35_70_30","Field Corpse Holding","Ac_35_70"
"Ac_35_70_31","Funeral Activities","Ac_35_70"
"Ac_35_70_32","Funeral Vault Storing","Ac_35_70"
"Ac_35_70_65","Private Memorialising","Ac_35_70"
"Ac_35_70_72","Remembering","Ac_35_70"
"Ac_35_80","Sanitary Activities","Ac_35"
"Ac_35_80_01","Accessible Changing","Ac_35_80"
"Ac_35_80_02","Accessible Public Bathing","Ac_35_80"
"Ac_35_80_03","Accessible Public Showering","Ac_35_80"
"Ac_35_80_04","Accessible Public Toileting","Ac_35_80"
"Ac_35_80_06","Baby Changing","Ac_35_80"
"Ac_35_80_50","Men’s Changing","Ac_35_80"
"Ac_35_80_51","Men’s Public Bathing","Ac_35_80"
"Ac_35_80_52","Men’s Public Showering","Ac_35_80"
"Ac_35_80_53","Men’s Public Toileting","Ac_35_80"
"Ac_35_80_59","Open Showering","Ac_35_80"
"Ac_35_80_64","Private Bathing","Ac_35_80"
"Ac_35_80_65","Private Showering","Ac_35_80"
"Ac_35_80_66","Private Toileting","Ac_35_80"
"Ac_35_80_80","Smoking","Ac_35_80"
"Ac_35_80_91","Unisex Changing","Ac_35_80"
"Ac_35_80_92","Unisex Public Bathing","Ac_35_80"
"Ac_35_80_93","Unisex Public Showering","Ac_35_80"
"Ac_35_80_94","Unisex Public Toileting","Ac_35_80"
"Ac_35_80_95","Urinating","Ac_35_80"
"Ac_35_80_96","Women’s Changing","Ac_35_80"
"Ac_35_80_97","Women’s Public Bathing","Ac_35_80"
"Ac_35_80_98","Women’s Public Showering","Ac_35_80"
"Ac_35_80_99","Women’s Public Toileting","Ac_35_80"
"Ac_35_90","Animal Medical, Health, Welfare, Funerary And Sanitary Activities","Ac_35"
"Ac_35_90_02","Animal Caring","Ac_35_90"
"Ac_35_90_03","Animal Clipping And Pedicuring","Ac_35_90"
"Ac_35_90_04","Animal Drug Dispensing","Ac_35_90"
"Ac_35_90_05","Animal Exercising","Ac_35_90"
"Ac_35_90_06","Animal Funerary Activities","Ac_35_90"
"Ac_35_90_07","Animal Operating","Ac_35_90"
"Ac_35_90_08","Animal Quarantining","Ac_35_90"
"Ac_35_90_09","Animal Recovering","Ac_35_90"
"Ac_35_90_37","Hippotherapy","Ac_35_90"
"Ac_35_90_92","Welfare Bird Housing","Ac_35_90"
"Ac_35_90_93","Welfare Cage Housing","Ac_35_90"
"Ac_35_90_94","Welfare Fish Housing","Ac_35_90"
"Ac_35_90_95","Welfare Kennelling","Ac_35_90"
"Ac_35_90_96","Welfare Pig Housing","Ac_35_90"
"Ac_35_90_97","Welfare Stabling","Ac_35_90"
"Ac_35_90_98","Welfare Stall Housing","Ac_35_90"
"Ac_40","Recreational Activities","Ac"
"Ac_40_05","Amusement Activities","Ac_40"
"Ac_40_05_01","Adventure Playing","Ac_40_05"
"Ac_40_05_03","Amusement Arcade Activities","Ac_40_05"
"Ac_40_05_08","Bookmaking","Ac_40_05"
"Ac_40_05_11","Camping","Ac_40_05"
"Ac_40_05_12","Caravanning","Ac_40_05"
"Ac_40_05_17","Contemplative Strolling","Ac_40_05"
"Ac_40_05_23","Dodgem Car Driving","Ac_40_05"
"Ac_40_05_33","Gambling","Ac_40_05"
"Ac_40_05_42","Indoor Ride Taking","Ac_40_05"
"Ac_40_05_43","Interpreting","Ac_40_05"
"Ac_40_05_58","Observing","Ac_40_05"
"Ac_40_05_59","Outdoor Activities","Ac_40_05"
"Ac_40_05_60","Outdoor Ride Taking","Ac_40_05"
"Ac_40_05_62","Permanent Fair Activities","Ac_40_05"
"Ac_40_05_63","Playing","Ac_40_05"
"Ac_40_05_65","Pleasure Strolling","Ac_40_05"
"Ac_40_05_88","Temporary Fair Activities","Ac_40_05"
"Ac_40_05_89","Theme Park Activities","Ac_40_05"
"Ac_40_05_90","Tourist Informing","Ac_40_05"
"Ac_40_20","Dining Activities","Ac_40"
"Ac_40_20_04","Alcoholic Beverage Dispensing","Ac_40_20"
"Ac_40_20_06","Banqueting","Ac_40_20"
"Ac_40_20_07","Beer Storing","Ac_40_20"
"Ac_40_20_08","Beer Outdoor Consuming","Ac_40_20"
"Ac_40_20_09","Beverage Dispensing","Ac_40_20"
"Ac_40_20_10","Buffet Displaying","Ac_40_20"
"Ac_40_20_14","Cocktail Drinking","Ac_40_20"
"Ac_40_20_15","Cold Storing","Ac_40_20"
"Ac_40_20_16","Cooking/ Chilling","Ac_40_20"
"Ac_40_20_19","Customer Queuing","Ac_40_20"
"Ac_40_20_20","Customer Waiting","Ac_40_20"
"Ac_40_20_27","Enclosed Dining","Ac_40_20"
"Ac_40_20_28","Food Activities","Ac_40_20"
"Ac_40_20_29","Food Preparation","Ac_40_20"
"Ac_40_20_30","Food Serving","Ac_40_20"
"Ac_40_20_31","Food Storing","Ac_40_20"
"Ac_40_20_32","Footpath Dining","Ac_40_20"
"Ac_40_20_33","Function Activities","Ac_40_20"
"Ac_40_20_52","Mess Dining","Ac_40_20"
"Ac_40_20_58","Open-Plan Dining","Ac_40_20"
"Ac_40_20_59","Outdoor Dining","Ac_40_20"
"Ac_40_20_72","Refectory Dining","Ac_40_20"
"Ac_40_20_75","Salad Displaying","Ac_40_20"
"Ac_40_20_90","Tray Returning","Ac_40_20"
"Ac_40_20_96","Waste Food Handling","Ac_40_20"
"Ac_40_20_98","Wine Storing","Ac_40_20"
"Ac_40_35_04","Anglo-Saxon Ruins Exploring","Ac_40_35"
"Ac_40_35_06","Battle Sites Exploring","Ac_40_35"
"Ac_40_35_37","Historic Earthworks Exploring","Ac_40_35"
"Ac_40_35_41","Indoor Historic Activities","Ac_40_35"
"Ac_40_35_42","Industrial Ruins Exploring","Ac_40_35"
"Ac_40_35_51","Medieval Ruins Exploring","Ac_40_35"
"Ac_40_35_57","Norman Ruins Exploring","Ac_40_35"
"Ac_40_35_66","Prehistoric Ruins Exploring","Ac_40_35"
"Ac_40_35_72","Roman Ruins Exploring","Ac_40_35"
"Ac_40_35_95","Viking Ruins Exploring","Ac_40_35"
"Ac_40_60","Performing Arts Performance Activities","Ac_40"
"Ac_40_60_13","Circus Performing","Ac_40_60"
"Ac_40_60_21","Dancing","Ac_40_60"
"Ac_40_60_29","Fashion Parades","Ac_40_60"
"Ac_40_60_30","Film Activities","Ac_40_60"
"Ac_40_60_53","Motion Picture Screening","Ac_40_60"
"Ac_40_60_55","Music Recording","Ac_40_60"
"Ac_40_60_58","Orchestra Performing (concealed)","Ac_40_60"
"Ac_40_60_59","Outdoor Theatre Activities","Ac_40_60"
"Ac_40_60_62","Performing Dance","Ac_40_60"
"Ac_40_60_63","Performing Music Indoors","Ac_40_60"
"Ac_40_60_64","Performing Music Outdoors","Ac_40_60"
"Ac_40_60_65","Performing Opera","Ac_40_60"
"Ac_40_60_66","Performing Theatre","Ac_40_60"
"Ac_40_60_71","Recording Music","Ac_40_60"
"Ac_40_65","Performing Arts Ancillary Activities","Ac_40"
"Ac_40_65_02","Amphitheatre Seating","Ac_40_65"
"Ac_40_65_03","Artiste Changing And Make-Up","Ac_40_65"
"Ac_40_65_04","Audience Breaking Out","Ac_40_65"
"Ac_40_65_05","Audience Seating","Ac_40_65"
"Ac_40_65_06","Backstage Activities","Ac_40_65"
"Ac_40_65_08","Box Seating","Ac_40_65"
"Ac_40_65_31","Foyer Activities","Ac_40_65"
"Ac_40_65_33","Gallery Seating","Ac_40_65"
"Ac_40_65_47","Lighting Controlling","Ac_40_65"
"Ac_40_65_55","Music Recording Controlling","Ac_40_65"
"Ac_40_65_59","Overhead Scenery Storing","Ac_40_65"
"Ac_40_65_66","Projecting","Ac_40_65"
"Ac_40_65_72","Rehearsing","Ac_40_65"
"Ac_40_65_76","Scenery Controlling","Ac_40_65"
"Ac_40_65_79","Sound Controlling","Ac_40_65"
"Ac_40_65_80","Sound Excluding","Ac_40_65"
"Ac_40_65_84","Stage Entering And Exiting","Ac_40_65"
"Ac_40_65_85","Stalls Seating","Ac_40_65"
"Ac_40_65_88","Temporary Seating","Ac_40_65"
"Ac_40_65_89","Ticketing","Ac_40_65"
"Ac_40_75","Social Recreation Activities","Ac_40"
"Ac_40_75_14","Club Activities","Ac_40_75"
"Ac_40_75_15","Community Activities","Ac_40_75"
"Ac_40_80","Summer Olympic Sports Play Activities (excl. Pool Sports)","Ac_40"
"Ac_40_80_01","Archery","Ac_40_80"
"Ac_40_80_02","Artistic Gymnastics","Ac_40_80"
"Ac_40_80_04","Athletics","Ac_40_80"
"Ac_40_80_06","Badminton","Ac_40_80"
"Ac_40_80_07","Basketball","Ac_40_80"
"Ac_40_80_08","Beach Volleyball","Ac_40_80"
"Ac_40_80_09","Bmx Cycling","Ac_40_80"
"Ac_40_80_10","Boxing","Ac_40_80"
"Ac_40_80_11","Canoe Slalom","Ac_40_80"
"Ac_40_80_12","Canoe Sprint","Ac_40_80"
"Ac_40_80_26","Equestrian Dressage","Ac_40_80"
"Ac_40_80_27","Equestrian Eventing","Ac_40_80"
"Ac_40_80_28","Equestrian Jumping","Ac_40_80"
"Ac_40_80_29","Fencing","Ac_40_80"
"Ac_40_80_31","Football","Ac_40_80"
"Ac_40_80_36","Handball","Ac_40_80"
"Ac_40_80_38","Hockey","Ac_40_80"
"Ac_40_80_44","Judo","Ac_40_80"
"Ac_40_80_53","Mountain Biking","Ac_40_80"
"Ac_40_80_71","Rhythmic Gymnastics","Ac_40_80"
"Ac_40_80_72","Road Cycling","Ac_40_80"
"Ac_40_80_73","Rowing","Ac_40_80"
"Ac_40_80_75","Sailing","Ac_40_80"
"Ac_40_80_77","Shooting","Ac_40_80"
"Ac_40_80_87","Table Tennis","Ac_40_80"
"Ac_40_80_88","Taekwondo","Ac_40_80"
"Ac_40_80_89","Tennis","Ac_40_80"
"Ac_40_80_90","Track Cycling","Ac_40_80"
"Ac_40_80_91","Trampoline Gymnastics","Ac_40_80"
"Ac_40_80_95","Volleyball","Ac_40_80"
"Ac_40_80_97","Weightlifting","Ac_40_80"
"Ac_40_80_98","Wrestling","Ac_40_80"
"Ac_40_81","Winter Olympic Sports Play Activities","Ac_40"
"Ac_40_81_02","Alpine Skiing","Ac_40_81"
"Ac_40_81_08","Bobsledding","Ac_40_81"
"Ac_40_81_19","Cross-Country Skiing","Ac_40_81"
"Ac_40_81_20","Curling","Ac_40_81"
"Ac_40_81_30","Figure Skating","Ac_40_81"
"Ac_40_81_32","Freestyle Skiing ","Ac_40_81"
"Ac_40_81_40","Ice Hockey","Ac_40_81"
"Ac_40_81_49","Luge","Ac_40_81"
"Ac_40_81_76","Short Track Speed Skating","Ac_40_81"
"Ac_40_81_77","Skeleton","Ac_40_81"
"Ac_40_81_78","Ski Jumping","Ac_40_81"
"Ac_40_81_80","Snowboarding","Ac_40_81"
"Ac_40_81_83","Speed Skating","Ac_40_81"
"Ac_40_82","Non-Olympic Indoor Sports Play Activities","Ac_40"
"Ac_40_82_01","Aerobics","Ac_40_82"
"Ac_40_82_08","Body Building","Ac_40_82"
"Ac_40_82_12","Circuit Training","Ac_40_82"
"Ac_40_82_14","Climbing Wall Activities","Ac_40_82"
"Ac_40_82_21","Darts Throwing","Ac_40_82"
"Ac_40_82_31","Fives","Ac_40_82"
"Ac_40_82_50","Martial Arts","Ac_40_82"
"Ac_40_82_56","Netball","Ac_40_82"
"Ac_40_82_72","Rope Climbing","Ac_40_82"
"Ac_40_82_78","Skittles","Ac_40_82"
"Ac_40_82_79","Snooker","Ac_40_82"
"Ac_40_82_80","Solaria","Ac_40_82"
"Ac_40_82_83","Squash","Ac_40_82"
"Ac_40_82_86","Sumo","Ac_40_82"
"Ac_40_82_90","Ten Pin Bowling","Ac_40_82"
"Ac_40_82_98","Working Out ","Ac_40_82"
"Ac_40_83","Non-Olympic Outdoor Sports Play Activities","Ac_40"
"Ac_40_83_06","Baseball","Ac_40_83"
"Ac_40_83_08","Bowling","Ac_40_83"
"Ac_40_83_11","Car Racing","Ac_40_83"
"Ac_40_83_17","Cricket","Ac_40_83"
"Ac_40_83_18","Cross-Country Cycling","Ac_40_83"
"Ac_40_83_19","Cross-Country Rallying","Ac_40_83"
"Ac_40_83_20","Cross-Country Running","Ac_40_83"
"Ac_40_83_23","Dog Racing","Ac_40_83"
"Ac_40_83_30","Fishing","Ac_40_83"
"Ac_40_83_31","Five-A-Side Soccer","Ac_40_83"
"Ac_40_83_33","Gliding","Ac_40_83"
"Ac_40_83_34","Golfing","Ac_40_83"
"Ac_40_83_38","Hang Gliding","Ac_40_83"
"Ac_40_83_39","Horse Racing","Ac_40_83"
"Ac_40_83_52","Motor Boating","Ac_40_83"
"Ac_40_83_53","Motorcycle Racing","Ac_40_83"
"Ac_40_83_60","Parkour","Ac_40_83"
"Ac_40_83_64","Polo","Ac_40_83"
"Ac_40_83_71","Road Cycling","Ac_40_83"
"Ac_40_83_72","Road Racing","Ac_40_83"
"Ac_40_83_73","Road Running","Ac_40_83"
"Ac_40_83_74","Rugby","Ac_40_83"
"Ac_40_83_76","Skateboarding","Ac_40_83"
"Ac_40_83_80","Softball","Ac_40_83"
"Ac_40_83_84","Street Luge","Ac_40_83"
"Ac_40_83_90","Tobogganing","Ac_40_83"
"Ac_40_83_96","Walking ","Ac_40_83"
"Ac_40_83_97","Water Skiing","Ac_40_83"
"Ac_40_84","Sports Ancillary Activities","Ac_40"
"Ac_40_84_15","Corporate Seating","Ac_40_84"
"Ac_40_84_50","Manager And Coach Seating","Ac_40_84"
"Ac_40_84_65","Press Seating","Ac_40_84"
"Ac_40_84_72","Reserves Seating","Ac_40_84"
"Ac_40_84_77","Ski Lift Travelling","Ac_40_84"
"Ac_40_84_82","Spectator Seating","Ac_40_84"
"Ac_40_84_83","Spectator Standing","Ac_40_84"
"Ac_40_84_89","Temporary Seating","Ac_40_84"
"Ac_40_84_94","Vip Spectator Seating","Ac_40_84"
"Ac_40_85","Swimming Activities","Ac_40"
"Ac_40_85_22","Diving","Ac_40_85"
"Ac_40_85_42","Informal Swimming","Ac_40_85"
"Ac_40_85_65","Pool Plant Operating","Ac_40_85"
"Ac_40_85_71","Recreational Swimming","Ac_40_85"
"Ac_40_85_82","Splashing","Ac_40_85"
"Ac_40_85_83","Olympics Swimming","Ac_40_85"
"Ac_40_85_86","Synchronised Swimming (Olympic)","Ac_40_85"
"Ac_40_85_88","Therapy","Ac_40_85"
"Ac_40_85_92","Underwater Observation","Ac_40_85"
"Ac_40_85_93","Wading","Ac_40_85"
"Ac_40_85_94","Water Flumes And Tubes Riding","Ac_40_85"
"Ac_40_85_95","Water Polo (Olympic)","Ac_40_85"
"Ac_40_85_96","Water Slides Riding","Ac_40_85"
"Ac_40_85_97","Wave Riding","Ac_40_85"
"Ac_40_85_98","Whirlpool/ Spa","Ac_40_85"
"Ac_45","Residential Activities","Ac"
"Ac_45_10","Long-Term Residential Activities","Ac_45"
"Ac_45_10_06","Back Garden Activities","Ac_45_10"
"Ac_45_10_07","Bathing","Ac_45_10"
"Ac_45_10_08","Book Storing And Reading","Ac_45_10"
"Ac_45_10_11","Car Storing","Ac_45_10"
"Ac_45_10_13","Clothes Drying","Ac_45_10"
"Ac_45_10_22","Dining","Ac_45_10"
"Ac_45_10_29","Food Preparing","Ac_45_10"
"Ac_45_10_30","Front Garden Activities","Ac_45_10"
"Ac_45_10_33","Garaging","Ac_45_10"
"Ac_45_10_46","Laundering","Ac_45_10"
"Ac_45_10_49","Living","Ac_45_10"
"Ac_45_10_75","Safe Room Activities","Ac_45_10"
"Ac_45_10_77","Showering","Ac_45_10"
"Ac_45_10_79","Sleeping","Ac_45_10"
"Ac_45_10_85","Storing","Ac_45_10"
"Ac_45_10_87","Studying","Ac_45_10"
"Ac_45_10_90","Toileting","Ac_45_10"
"Ac_45_10_92","Under Cover Outdoor Seating","Ac_45_10"
"Ac_45_10_93","Utility Activities","Ac_45_10"
"Ac_45_10_96","Walk-In Clothes Storing","Ac_45_10"
"Ac_45_10_97","Wine Cellar Storing","Ac_45_10"
"Ac_45_50","Short-Term Residential Activities","Ac_45"
"Ac_45_50_15","Communal Alcoholic Beverage Dispensing","Ac_45_50"
"Ac_45_50_16","Communal Bathing","Ac_45_50"
"Ac_45_50_17","Communal Dining","Ac_45_50"
"Ac_45_50_18","Communal Living","Ac_45_50"
"Ac_45_50_19","Communal Studying","Ac_45_50"
"Ac_45_50_20","Concierge","Ac_45_50"
"Ac_45_50_23","Dormitory Sleeping","Ac_45_50"
"Ac_45_50_24","Dropping-Off And Collecting","Ac_45_50"
"Ac_45_50_36","Hotel Accommodating","Ac_45_50"
"Ac_45_50_37","Hotel Entering And Exiting","Ac_45_50"
"Ac_45_50_39","Hotel Waiting","Ac_45_50"
"Ac_45_50_47","Left Luggage Storing","Ac_45_50"
"Ac_45_50_62","Private Bathing","Ac_45_50"
"Ac_45_50_63","Private Dining","Ac_45_50"
"Ac_45_50_64","Private Living","Ac_45_50"
"Ac_45_50_65","Private Studying","Ac_45_50"
"Ac_45_50_67","Public Alcoholic Beverage Dispensing","Ac_45_50"
"Ac_45_50_68","Public Dining","Ac_45_50"
"Ac_50","Disposal Activities","Ac"
"Ac_50_20","Wet Waste Collection And Distribution Activities","Ac_50"
"Ac_50_20_10","Wet Waste Collecting","Ac_50_20"
"Ac_50_20_50","Wet Waste Distributing","Ac_50_20"
"Ac_50_40","Dry Waste Collection And Distribution Activities","Ac_50"
"Ac_50_40_10","Dry Waste Collecting","Ac_50_40"
"Ac_50_40_50","Dry Waste Distributing","Ac_50_40"
"Ac_50_60","Wet Waste Storage, Treatment And Disposal Activities","Ac_50"
"Ac_50_60_10","Wet Waste Storing","Ac_50_60"
"Ac_50_60_40","Wet Waste Treating","Ac_50_60"
"Ac_50_60_70","Wet Waste Disposing","Ac_50_60"
"Ac_50_80","Dry Waste Storage, Treatment And Disposal Activities","Ac_50"
"Ac_50_80_10","Dry Waste Storing","Ac_50_80"
"Ac_50_80_40","Dry Waste Treating","Ac_50_80"
"Ac_50_80_70","Dry Waste Disposing","Ac_50_80"
"Ac_55","Piped Supply Activities","Ac"
"Ac_55_20","Water Extraction And Treatment Activities","Ac_55"
"Ac_55_20_10","Water Extracting","Ac_55_20"
"Ac_55_20_50","Water Treating","Ac_55_20"
"Ac_55_40","Fuel And Gas Extraction And Treatment Activities","Ac_55"
"Ac_55_40_10","Fuel Extracting","Ac_55_40"
"Ac_55_40_30","Gas Extracting","Ac_55_40"
"Ac_55_40_50","Fuel Treating","Ac_55_40"
"Ac_55_40_70","Gas Treating","Ac_55_40"
"Ac_55_60","Water Storage Activities","Ac_55"
"Ac_55_60_10","Water Storing","Ac_55_60"
"Ac_55_70","Fuel And Gas Storage Activities","Ac_55"
"Ac_55_70_10","Fuel Storing","Ac_55_70"
"Ac_55_70_50","Gas Storing","Ac_55_70"
"Ac_55_80","Water Distribution Activities","Ac_55"
"Ac_55_80_10","Water Distributing","Ac_55_80"
"Ac_55_90","Fuel And Gas Distribution Activities","Ac_55"
"Ac_55_90_10","Fuel Distributing","Ac_55_90"
"Ac_55_90_50","Gas Distributing","Ac_55_90"
"Ac_60","Heating, Cooling And Refrigeration Activities","Ac"
"Ac_60_10","Heating Activities","Ac_60"
"Ac_60_10_10","Heater Operating and Maintenance","Ac_60_10"
"Ac_60_10_15","Distributing Heating","Ac_60_10"
"Ac_60_40","Cooling Activities","Ac_60"
"Ac_60_40_10","Cooler Operating and Maintenance","Ac_60_40"
"Ac_60_40_15","Distributing Cooling","Ac_60_40"
"Ac_60_70","Refrigeration Activities","Ac_60"
"Ac_60_70_10","Refrigerator Operating and Maintenance","Ac_60_70"
"Ac_60_70_15","Distributing Refrigeration","Ac_60_70"
"Ac_65","Ventilation And Air Conditioning Activities","Ac"
"Ac_65_10","Ventilation And Air Conditioning Activities tempxxx","Ac_65"
"Ac_65_10_02","Air Blocking","Ac_65_10"
"Ac_65_10_04","Ascending And Descending Pausing","Ac_65_10"
"Ac_65_10_11","Sheltering – Informal ","Ac_65_10"
"Ac_65_10_14","Congregating (outdoor)","Ac_65_10"
"Ac_65_10_16","Covered Walking","Ac_65_10"
"Ac_65_10_27","Entering And Exiting","Ac_65_10"
"Ac_65_10_30","Fire Stepped Ascending And Descending","Ac_65_10"
"Ac_65_10_31","Formal Pausing – Indoor ","Ac_65_10"
"Ac_65_10_32","Formal Pausing – Outdoor ","Ac_65_10"
"Ac_65_10_34","Goods Conveying","Ac_65_10"
"Ac_65_10_47","Lift Accommodating","Ac_65_10"
"Ac_65_10_48","Lift Machine Operating","Ac_65_10"
"Ac_65_10_49","Lift Stopping","Ac_65_10"
"Ac_65_10_50","Lift Travelling ","Ac_65_10"
"Ac_65_10_51","Mechanical Pitched Ascending And Descending","Ac_65_10"
"Ac_65_10_53","Monumental Stepped Ascending And Descending","Ac_65_10"
"Ac_65_10_56","Narrow Circulating Between Rooms","Ac_65_10"
"Ac_65_10_62","Pitched Ascending And Descending","Ac_65_10"
"Ac_65_10_75","Secure Entering And Exiting","Ac_65_10"
"Ac_65_10_77","Sheltering – Formal ","Ac_65_10"
"Ac_65_10_93","Utilitarian Stepped Ascending And Descending","Ac_65_10"
"Ac_65_10_96","Uncovered Walking","Ac_65_10"
"Ac_65_10_97","Wide Circulating Between Rooms","Ac_65_10"
"Ac_65_40","Ventilation Activities","Ac_65"
"Ac_65_40_10","Ventilator Operating and Maintenance","Ac_65_40"
"Ac_65_80","Air Conditioning Activities","Ac_65"
"Ac_65_80_10","Air Conditioner Operating and Maintenance","Ac_65_80"
"Ac_70","Electrical Activities","Ac"
"Ac_70_10","Electrical Power Generation Activities","Ac_70"
"Ac_70_10_08","Boiler Operating and Maintenance","Ac_70_10"
"Ac_70_10_15","Cooling Tower Operating and Maintenance","Ac_70_10"
"Ac_70_10_27","Electricity Substation Activities","Ac_70_10"
"Ac_70_10_72","Reactor Operating and Maintenance","Ac_70_10"
"Ac_70_10_91","Turbine Operating and Maintenance","Ac_70_10"
"Ac_70_40","Kinetic Power Generation Activities","Ac_70"
"Ac_70_40_96","Water Mill Operating and Maintenance","Ac_70_40"
"Ac_70_40_97","Wind Mill Operating and Maintenance","Ac_70_40"
"Ac_70_70","Electrical Power Transmission And Distribution Activities","Ac_70"
"Ac_70_70_28","Electricity Transmitting","Ac_70_70"
"Ac_75","Communications, Security, Safety And Protection Activities","Ac"
"Ac_75_10","Broadcast Communications Activities","Ac_75"
"Ac_75_10_70","Radio Broadcast Controlling","Ac_75_10"
"Ac_75_10_72","Radio Broadcast Recording","Ac_75_10"
"Ac_75_10_74","Radio Broadcasting","Ac_75_10"
"Ac_75_10_91","Television Broadcast Controlling","Ac_75_10"
"Ac_75_10_92","Television Broadcast Recording","Ac_75_10"
"Ac_75_10_93","Television Broadcasting","Ac_75_10"
"Ac_75_10_97","Web Serving","Ac_75_10"
"Ac_75_30","Peer-To-Peer Communications Activities","Ac_75"
"Ac_75_30_05","Automated Telephone Exchanging","Ac_75_30"
"Ac_75_30_23","Digital Data Transmitting","Ac_75_30"
"Ac_75_30_52","Manual Telephone Exchanging","Ac_75_30"
"Ac_75_30_88","Telecommunications Controlling","Ac_75_30"
"Ac_75_30_89","Telephoning","Ac_75_30"
"Ac_75_70","Electronic Security Activities","Ac_75"
"Ac_75_70_28","Electronic Security Controlling","Ac_75_70"
"Ac_75_80","Electronic Safety Activities","Ac_75"
"Ac_75_80_27","Electronic Safety Controlling","Ac_75_80"
"Ac_75_90","Electronic Protection Activities","Ac_75"
"Ac_75_90_26","Electronic Protection Controlling","Ac_75_90"
"Ac_80","Rail Activities","Ac"
"Ac_80_10","Rail Way Activities","Ac_80"
"Ac_80_10_50","Marshalling","Ac_80_10"
"Ac_80_10_58","Over Passing","Ac_80_10"
"Ac_80_10_71","Railway Track Buffering","Ac_80_10"
"Ac_80_10_75","Railway Travelling","Ac_80_10"
"Ac_80_10_77","Signal Controlling","Ac_80_10"
"Ac_80_10_92","Under Passing","Ac_80_10"
"Ac_80_80","Rail Loading And Embarkation Activities","Ac_80"
"Ac_80_80_02","Alighting Trains","Ac_80_80"
"Ac_80_80_20","Customs Controlling","Ac_80_80"
"Ac_80_80_34","Goods Loading And Unloading","Ac_80_80"
"Ac_80_80_60","Passport Controlling","Ac_80_80"
"Ac_80_80_72","Railway Station Arriving","Ac_80_80"
"Ac_80_80_73","Railway Station Departing","Ac_80_80"
"Ac_80_80_82","Station Forecourt Activities","Ac_80_80"
"Ac_80_80_86","Ticketing","Ac_80_80"
"Ac_80_80_87","Train Disembarking","Ac_80_80"
"Ac_80_80_88","Train Embarking","Ac_80_80"
"Ac_80_80_89","Train Standing","Ac_80_80"
"Ac_80_80_90","Train Stopping","Ac_80_80"
"Ac_80_80_94","Vehicle Loading And Unloading","Ac_80_80"
"Ac_80_90","Rail Storage And Repair Activities","Ac_80"
"Ac_80_90_11","Carriage Cleaning","Ac_80_90"
"Ac_80_90_26","Engine Fuelling","Ac_80_90"
"Ac_80_90_27","Engine Inspecting","Ac_80_90"
"Ac_80_90_28","Engine Servicing","Ac_80_90"
"Ac_80_90_29","Engine Washing","Ac_80_90"
"Ac_80_90_70","Rail Repairing","Ac_80_90"
"Ac_81","Road Activities","Ac"
"Ac_81_10","Road Way Activities","Ac_81"
"Ac_81_10_08","Bus Manoeuvring","Ac_81_10"
"Ac_81_10_11","Car Manoeuvring – Indoor ","Ac_81_10"
"Ac_81_10_12","Car Manoeuvring – Outdoor ","Ac_81_10"
"Ac_81_10_16","Carriageway Separating","Ac_81_10"
"Ac_81_10_20","Cycling","Ac_81_10"
"Ac_81_10_27","Emergency Stopping","Ac_81_10"
"Ac_81_10_36","Road Buffering","Ac_81_10"
"Ac_81_10_42","Intersecting","Ac_81_10"
"Ac_81_10_46","Laying-By And Passing","Ac_81_10"
"Ac_81_10_61","Walking","Ac_81_10"
"Ac_81_10_63","Pedestrian Crossing","Ac_81_10"
"Ac_81_10_64","Pedestrian Standing","Ac_81_10"
"Ac_81_10_70","Railway Crossing","Ac_81_10"
"Ac_81_10_72","Driving – Fast ","Ac_81_10"
"Ac_81_10_73","Driving – Slow","Ac_81_10"
"Ac_81_10_90","Truck Manoeuvring","Ac_81_10"
"Ac_81_80","Road Loading And Embarkation Activities","Ac_81"
"Ac_81_80_05","Bus Disembarking","Ac_81_80"
"Ac_81_80_06","Bus Embarking","Ac_81_80"
"Ac_81_80_07","Bus Station Arriving","Ac_81_80"
"Ac_81_80_08","Bus Station Departing","Ac_81_80"
"Ac_81_80_09","Bus Standing","Ac_81_80"
"Ac_81_80_10","Bus Stopping","Ac_81_80"
"Ac_81_80_19","Customs Controlling","Ac_81_80"
"Ac_81_80_60","Passport Controlling","Ac_81_80"
"Ac_81_90","Road Storage And Repair Activities","Ac_81"
"Ac_81_90_09","Bus Standing","Ac_81_90"
"Ac_81_90_13","Car Parking – Indoor ","Ac_81_90"
"Ac_81_90_14","Car Parking – Outdoor ","Ac_81_90"
"Ac_81_90_91","Truck Standing","Ac_81_90"
"Ac_81_90_94","Vehicle Fuelling","Ac_81_90"
"Ac_81_90_95","Vehicle Inspecting","Ac_81_90"
"Ac_81_90_96","Vehicle Servicing","Ac_81_90"
"Ac_81_90_97","Vehicle Washing","Ac_81_90"
"Ac_82","Marine And Waterway Activities","Ac"
"Ac_82_10","Marine And Water Way Activities","Ac_82"
"Ac_82_10_11","Canal Level Changing","Ac_82_10"
"Ac_82_10_12","Canal Travelling","Ac_82_10"
"Ac_82_10_37","Harbour Level Changing","Ac_82_10"
"Ac_82_10_59","Overhead Canal Travelling","Ac_82_10"
"Ac_82_80","Marine And Waterway Loading And Embarkation Activities","Ac_82"
"Ac_82_80_05","Baggage Handling","Ac_82_80"
"Ac_82_80_09","Boat And Ship Disembarking","Ac_82_80"
"Ac_82_80_10","Boat And Ship Embarking","Ac_82_80"
"Ac_82_80_14","Cargo Loading","Ac_82_80"
"Ac_82_80_20","Customs Controlling","Ac_82_80"
"Ac_82_80_34","Goods Docking","Ac_82_80"
"Ac_82_80_36","Harbour Controlling","Ac_82_80"
"Ac_82_80_44","Deep Water Accessing","Ac_82_80"
"Ac_82_80_46","Landing","Ac_82_80"
"Ac_82_80_60","Passenger Docking","Ac_82_80"
"Ac_82_80_61","Passport Controlling","Ac_82_80"
"Ac_82_80_77","Shipping Arrivals","Ac_82_80"
"Ac_82_80_78","Shipping Departures","Ac_82_80"
"Ac_82_90","Marine And Waterway Storage And Repair Activities","Ac_82"
"Ac_82_90_06","Baggage Storing","Ac_82_90"
"Ac_82_90_08","Boat Repairing","Ac_82_90"
"Ac_82_90_09","Boat Storing","Ac_82_90"
"Ac_82_90_13","Cargo Handling","Ac_82_90"
"Ac_82_90_15","Cargo Storing","Ac_82_90"
"Ac_82_90_24","Dry Repair Docking","Ac_82_90"
"Ac_82_90_30","Floating Repair Docking","Ac_82_90"
"Ac_82_90_35","Harbour Protecting","Ac_82_90"
"Ac_82_90_47","Lifeboat Vessel Storing","Ac_82_90"
"Ac_82_90_47","Lifeboat Vessel Launching ","Ac_82_90"
"Ac_82_90_79","Vessel Launching","Ac_82_90"
"Ac_82_90_96","Warning Beacon Operating","Ac_82_90"
"Ac_82_90_97","Wet Repair Docking","Ac_82_90"
"Ac_83","Cable Transport Activities","Ac"
"Ac_83_10","Cable Way Activities","Ac_83"
"Ac_83_10_13","Cableway Travelling","Ac_83_10"
"Ac_83_80","Cable Transport Loading And Embarkation Activities","Ac_83"
"Ac_83_80_10","Cable Transport Disembarking","Ac_83_80"
"Ac_83_80_11","Cable Transport Embarking","Ac_83_80"
"Ac_83_80_12","Cable Transport Loading","Ac_83_80"
"Ac_83_90","Cable Transport Storage And Repair Activities","Ac_83"
"Ac_83_90_34","Gondola Repair And Cleaning","Ac_83_90"
"Ac_83_90_35","Gondola Storing","Ac_83_90"
"Ac_84","Aerospace Activities","Ac"
"Ac_84_10","Aerospace Ground Activities","Ac_84"
"Ac_84_10_02","Aeroplane Landing","Ac_84_10"
"Ac_84_10_03","Aeroplane Take-Off","Ac_84_10"
"Ac_84_10_04","Aircraft Manoeuvring","Ac_84_10"
"Ac_84_10_05","Aircraft Manoeuvring Buffering","Ac_84_10"
"Ac_84_10_06","Aircraft Standing","Ac_84_10"
"Ac_84_10_07","Airport Controlling","Ac_84_10"
"Ac_84_10_37","Helicopter Landing","Ac_84_10"
"Ac_84_10_38","Helicopter Take-Off","Ac_84_10"
"Ac_84_10_82","Spacecraft Landing","Ac_84_10"
"Ac_84_10_83","Spacecraft Take-Off","Ac_84_10"
"Ac_84_80","Aerospace Loading And Embarkation Activities","Ac_84"
"Ac_84_80_02","Aircraft Disembarking","Ac_84_80"
"Ac_84_80_03","Aircraft Embarking","Ac_84_80"
"Ac_84_80_04","Aircraft Fuelling","Ac_84_80"
"Ac_84_80_05","Arriving","Ac_84_80"
"Ac_84_80_06","Baggage Claiming","Ac_84_80"
"Ac_84_80_07","Baggage Handling","Ac_84_80"
"Ac_84_80_08","Baggage Loading","Ac_84_80"
"Ac_84_80_12","Cargo Handling","Ac_84_80"
"Ac_84_80_13","Cargo Loading","Ac_84_80"
"Ac_84_80_16","Concourses","Ac_84_80"
"Ac_84_80_22","Departing","Ac_84_80"
"Ac_84_80_82","Spacecraft Disembarking","Ac_84_80"
"Ac_84_80_83","Spacecraft Embarking","Ac_84_80"
"Ac_84_90","Aerospace Storage And Repair Activities","Ac_84"
"Ac_84_90_01","Aircraft Cleaning","Ac_84_90"
"Ac_84_90_02","Aircraft Maintaining","Ac_84_90"
"Ac_84_90_04","Aircraft Repairing","Ac_84_90"
"Ac_84_90_10","Baggage Storing","Ac_84_90"
"Ac_84_90_14","Cargo Storing","Ac_84_90"
"Ac_84_90_36","Hanger Activities","Ac_84_90"
"Ac_84_90_79","Spacecraft Cleaning","Ac_84_90"
"Ac_84_90_80","Spacecraft Maintaining","Ac_84_90"
"Ac_84_90_81","Spacecraft Preparing","Ac_84_90"
"Ac_84_90_82","Spacecraft Repairing","Ac_84_90"
"Ac_84_90_83","Spacecraft Storing","Ac_84_90"
"Ac_85","Process Engineering Activities","Ac"
"Ac_90","General Activities","Ac"
"Ac_90_01","Access Floor Services Routing","Ac_90"
"Ac_90_08","Boiler Operating","Ac_90"
"Ac_90_10","General Circulation Activities","Ac_90"
"Ac_90_13","Ceiling Services Routing","Ac_90"
"Ac_90_15","Controlling","Ac_90"
"Ac_90_27","Equipment Operating","Ac_90"
"Ac_90_32","Furnace Operating","Ac_90"
"Ac_90_42","Incinerating","Ac_90"
"Ac_90_64","Plant Operating","Ac_90"
"Ac_90_77","Server Operating","Ac_90"
"Ac_90_78","Shaft Services Routing","Ac_90"
"Ac_90_80","Solid Fuel Storing","Ac_90"
"Ac_90_85","Switching","Ac_90"
"Ac_90_90","Transformer Operating","Ac_90"
"Ac_90_96","Wall Services Routing","Ac_90"
"Ac_95","Temporary Activities","Ac"
