"Sp","Spaces","Uniclass2"
"Sp_20","Administrative, Commercial And Protective Service Spaces","Sp"
"Sp_20_10","Legislative Spaces","Sp_20"
"Sp_20_10_15","Council Chambers","Sp_20_10"
"Sp_20_10_33","Galleries To Council Chambers","Sp_20_10"
"Sp_20_10_34","Galleries To Parliamentary Chambers","Sp_20_10"
"Sp_20_10_60","Parliamentary Chambers","Sp_20_10"
"Sp_20_20","Institutional Administrative Spaces","Sp_20"
"Sp_20_20_07","Benefit Offices","Sp_20_20"
"Sp_20_20_40","Individual Institutional Offices","Sp_20_20"
"Sp_20_20_42","Institutional Cashiers","Sp_20_20"
"Sp_20_20_43","Institutional Word Processing Pools","Sp_20_20"
"Sp_20_20_44","Job Centre Spaces","Sp_20_20"
"Sp_20_20_59","Open-Plan Institutional Offices","Sp_20_20"
"Sp_20_20_65","Press Rooms","Sp_20_20"
"Sp_20_20_77","Shared Institutional Offices","Sp_20_20"
"Sp_20_20_96","War Rooms","Sp_20_20"
"Sp_20_30","Secular Representative Spaces","Sp_20"
"Sp_20_30_16","Consulate Reception Rooms","Sp_20_30"
"Sp_20_30_27","Embassy Reception Rooms","Sp_20_30"
"Sp_20_30_37","High Commission Reception Rooms","Sp_20_30"
"Sp_20_30_47","Legation Reception Rooms","Sp_20_30"
"Sp_20_30_60","Passport Offices","Sp_20_30"
"Sp_20_30_63","Pedestrian Security Check Points","Sp_20_30"
"Sp_20_30_95","Vehicular Security Check Points","Sp_20_30"
"Sp_20_35","Religious Representative Spaces","Sp_20"
"Sp_20_35_71","Religious Representative Reception Rooms","Sp_20_35"
"Sp_20_40","Financial Spaces","Sp_20"
"Sp_20_40_06","Banking Halls","Sp_20_40"
"Sp_20_40_07","Bank Teller Spaces","Sp_20_40"
"Sp_20_40_19","Currency Exchange Booths","Sp_20_40"
"Sp_20_40_22","Dealers Desks","Sp_20_40"
"Sp_20_40_75","Safe Deposit Rooms","Sp_20_40"
"Sp_20_40_90","Trading Floors","Sp_20_40"
"Sp_20_40_94","Vaults","Sp_20_40"
"Sp_20_50","Administrative Spaces","Sp_20"
"Sp_20_50_11","Caretaker Offices","Sp_20_50"
"Sp_20_50_28","Executive Offices","Sp_20_50"
"Sp_20_50_30","Filing Rooms","Sp_20_50"
"Sp_20_50_42","Individual Offices","Sp_20_50"
"Sp_20_50_59","Open-Plan Offices","Sp_20_50"
"Sp_20_50_64","Photocopying Rooms","Sp_20_50"
"Sp_20_50_77","Shared Commercial Offices","Sp_20_50"
"Sp_20_50_80","Stationery Stores","Sp_20_50"
"Sp_20_50_96","Word Processing Pools","Sp_20_50"
"Sp_20_50_97","Workstations","Sp_20_50"
"Sp_20_55","Design Spaces","Sp_20"
"Sp_20_55_04","Art And Design Studios","Sp_20_55"
"Sp_20_55_23","Drawing Offices","Sp_20_55"
"Sp_20_60","Motor Vehicle Sale, Maintenance And Fuel Spaces","Sp_20"
"Sp_20_60_11","Car Washes","Sp_20_60"
"Sp_20_60_50","Motor Cycle Maintenance Shops","Sp_20_60"
"Sp_20_60_51","Motor Cycle Parts And Accessories Shops","Sp_20_60"
"Sp_20_60_52","Motor Cycle Showrooms","Sp_20_60"
"Sp_20_60_53","Motor Vehicle Maintenance Shops","Sp_20_60"
"Sp_20_60_54","Motor Vehicle Parts And Accessories Shops","Sp_20_60"
"Sp_20_60_55","Motor Vehicle Showrooms","Sp_20_60"
"Sp_20_60_62","Petrol Station Air And Water Points","Sp_20_60"
"Sp_20_60_64","Petrol Station Forecourts","Sp_20_60"
"Sp_20_60_66","Petrol Station Tanks Areas","Sp_20_60"
"Sp_20_62","Commercial Wholesale Spaces","Sp_20"
"Sp_20_62_03","Alcoholic Beverages Market Spaces","Sp_20_62"
"Sp_20_62_10","Builders’ Merchant Shop Floors","Sp_20_62"
"Sp_20_62_14","Clothing Showrooms","Sp_20_62"
"Sp_20_62_21","Dairy Market Spaces","Sp_20_62"
"Sp_20_62_29","Factory Machinery Showrooms","Sp_20_62"
"Sp_20_62_30","Fish Market Spaces","Sp_20_62"
"Sp_20_62_31","Flower Market Spaces","Sp_20_62"
"Sp_20_62_32","Fruit And Vegetable Market Spaces","Sp_20_62"
"Sp_20_62_34","Grains Market Spaces","Sp_20_62"
"Sp_20_62_36","Hardware, Plumbing And Heating Showrooms","Sp_20_62"
"Sp_20_62_37","Heavy Machinery Showrooms","Sp_20_62"
"Sp_20_62_38","Household Goods Showrooms","Sp_20_62"
"Sp_20_62_47","Livestock Auction Rooms","Sp_20_62"
"Sp_20_62_48","Livestock Pens","Sp_20_62"
"Sp_20_62_52","Meat Market Spaces","Sp_20_62"
"Sp_20_62_58","Office Equipment Showrooms","Sp_20_62"
"Sp_20_62_65","Plumbers’ Merchant Shop Floors","Sp_20_62"
"Sp_20_62_78","Skins And Hides Market Spaces","Sp_20_62"
"Sp_20_62_82","Spice Market Spaces","Sp_20_62"
"Sp_20_62_89","Toys And Games Showrooms","Sp_20_62"
"Sp_20_62_96","Waste And Scrap Yards","Sp_20_62"
"Sp_20_64","Commercial Retail Spaces","Sp_20"
"Sp_20_64_02","Antiques Shop Floors","Sp_20_64"
"Sp_20_64_04","Art Auction Rooms","Sp_20_64"
"Sp_20_64_06","Beauty Salons","Sp_20_64"
"Sp_20_64_07","Bicycle Parts And Accessories Shop Floors","Sp_20_64"
"Sp_20_64_08","Booking Halls","Sp_20_64"
"Sp_20_64_12","Checkout Points","Sp_20_64"
"Sp_20_64_14","Coal Yards","Sp_20_64"
"Sp_20_64_16","Collection Rooms","Sp_20_64"
"Sp_20_64_18","Commercial Art Galleries","Sp_20_64"
"Sp_20_64_20","Commercial Cashiers","Sp_20_64"
"Sp_20_64_22","Department Store Shop Floors","Sp_20_64"
"Sp_20_64_27","Equipment Service Stores","Sp_20_64"
"Sp_20_64_29","Factory Retail Rooms","Sp_20_64"
"Sp_20_64_30","Fitting Rooms","Sp_20_64"
"Sp_20_64_31","Florist Shop Floors","Sp_20_64"
"Sp_20_64_32","Food And Drink Kiosks","Sp_20_64"
"Sp_20_64_33","Food Shop Floors","Sp_20_64"
"Sp_20_64_34","Furniture Auction Rooms","Sp_20_64"
"Sp_20_64_36","Haircutting Salons","Sp_20_64"
"Sp_20_64_42","Indoor Market Stalls","Sp_20_64"
"Sp_20_64_45","Key Cutting Booths","Sp_20_64"
"Sp_20_64_50","Mail Order Sorting Rooms","Sp_20_64"
"Sp_20_64_56","Newsagent Kiosks","Sp_20_64"
"Sp_20_64_59","Outdoor Market Stalls","Sp_20_64"
"Sp_20_64_77","Shoe Repair Booths","Sp_20_64"
"Sp_20_64_78","Shopping Arcades (circulation Spaces)","Sp_20_64"
"Sp_20_64_79","Show Rooms","Sp_20_64"
"Sp_20_64_85","Supermarket Shop Floors","Sp_20_64"
"Sp_20_64_88","Temporary Food And Drink Kiosks","Sp_20_64"
"Sp_20_64_93","Utilities Service Spaces","Sp_20_64"
"Sp_20_65","Postal Communications Spaces","Sp_20"
"Sp_20_65_48","Lookout Galleries","Sp_20_65"
"Sp_20_65_50","Mail Rooms","Sp_20_65"
"Sp_20_65_60","Parcel Offices","Sp_20_65"
"Sp_20_65_62","Post Office Box Rooms","Sp_20_65"
"Sp_20_65_64","Post Office Counter Spaces","Sp_20_65"
"Sp_20_65_66","Post Office Queuing Areas","Sp_20_65"
"Sp_20_65_68","Postal Sorting Offices","Sp_20_65"
"Sp_20_70","Military Spaces","Sp_20"
"Sp_20_70_02","Air Raid Shelters","Sp_20_70"
"Sp_20_70_04","Arms Depots","Sp_20_70"
"Sp_20_70_09","Bomb Shelters","Sp_20_70"
"Sp_20_70_27","Emergency Bunkers","Sp_20_70"
"Sp_20_70_29","Fallout Shelters","Sp_20_70"
"Sp_20_70_31","Firing Ranges","Sp_20_70"
"Sp_20_70_52","Military Camps","Sp_20_70"
"Sp_20_70_54","Military Parade Grounds","Sp_20_70"
"Sp_20_70_88","Test Ranges","Sp_20_70"
"Sp_20_70_90","Training Buildings","Sp_20_70"
"Sp_20_70_91","Training Grounds","Sp_20_70"
"Sp_20_80","Law Enforcement And Judicial Spaces","Sp_20"
"Sp_20_80_15","Court Rooms","Sp_20_80"
"Sp_20_80_28","Evidence Rooms","Sp_20_80"
"Sp_20_80_37","Holding Cells","Sp_20_80"
"Sp_20_80_41","Judges’ Benches","Sp_20_80"
"Sp_20_80_42","Judges’ Chambers","Sp_20_80"
"Sp_20_80_44","Jury Boxes","Sp_20_80"
"Sp_20_80_45","Jury Rooms","Sp_20_80"
"Sp_20_80_68","Public Galleries","Sp_20_80"
"Sp_20_80_77","Secure Interview Rooms","Sp_20_80"
"Sp_20_80_97","Witness Stands","Sp_20_80"
"Sp_20_85","Detention Spaces","Sp_20"
"Sp_20_85_15","Communal Inmate Dayrooms","Sp_20_85"
"Sp_20_85_22","Detention Cells","Sp_20_85"
"Sp_20_85_28","Exercise Yards","Sp_20_85"
"Sp_20_85_35","Guard Stations","Sp_20_85"
"Sp_20_85_38","Holding Cells","Sp_20_85"
"Sp_20_85_59","Open Secure Visiting Rooms","Sp_20_85"
"Sp_20_85_66","Private Secure Visiting Rooms","Sp_20_85"
"Sp_20_85_95","Vehicle Impound Yards","Sp_20_85"
"Sp_20_87","Security Spaces","Sp_20"
"Sp_20_87_06","Bag Search Counter","Sp_20_87"
"Sp_20_87_32","Frisking Area","Sp_20_87"
"Sp_20_87_63","Pedestrian Security Check","Sp_20_87"
"Sp_20_87_76","Security Screen Area","Sp_20_87"
"Sp_20_87_86","Strip Search Room","Sp_20_87"
"Sp_20_87_95","Vehicular Security Check","Sp_20_87"
"Sp_20_90","Fire And Rescue Spaces","Sp_20"
"Sp_20_90_27","Emergency Communications Rooms","Sp_20_90"
"Sp_20_90_28","Emergency Vehicle Standing Areas","Sp_20_90"
"Sp_20_90_30","Fire Refuge Spaces","Sp_20_90"
"Sp_20_90_31","Fire Training Tower Spaces","Sp_20_90"
"Sp_20_90_71","Rescue Gear Stores","Sp_20_90"
"Sp_20_95","Reception Spaces","Sp_20"
"Sp_20_95_72","Reception Areas","Sp_20_95"
"Sp_20_95_73","Reception Counter Spaces","Sp_20_95"
"Sp_20_95_96","Waiting Rooms","Sp_20_95"
"Sp_25","Cultural, Educational, Scientific And Information Spaces","Sp"
"Sp_25_05","Cultural Spaces","Sp_25"
"Sp_25_05_20","Cultural Parade Routes","Sp_25_05"
"Sp_25_05_66","Procession And March Routes","Sp_25_05"
"Sp_25_05_72","Remembrance Sites","Sp_25_05"
"Sp_25_10","Educational Spaces","Sp_25"
"Sp_25_10_01","Adult Education Classrooms","Sp_25_10"
"Sp_25_10_04","Art Studios","Sp_25_10"
"Sp_25_10_05","Assembly Halls","Sp_25_10"
"Sp_25_10_08","Breakout Spaces","Sp_25_10"
"Sp_25_10_15","Computer Laboratories","Sp_25_10"
"Sp_25_10_17","Craft Studios","Sp_25_10"
"Sp_25_10_21","Dance Studios","Sp_25_10"
"Sp_25_10_23","Dissection Theatres","Sp_25_10"
"Sp_25_10_25","Drama Studios","Sp_25_10"
"Sp_25_10_37","Home Economics Classrooms","Sp_25_10"
"Sp_25_10_42","Infant Classrooms","Sp_25_10"
"Sp_25_10_46","Language Laboratories","Sp_25_10"
"Sp_25_10_47","Lecture Theatres","Sp_25_10"
"Sp_25_10_51","Metalwork Classrooms","Sp_25_10"
"Sp_25_10_55","Music Rooms","Sp_25_10"
"Sp_25_10_62","Plastics Work Classrooms","Sp_25_10"
"Sp_25_10_64","Pre-Tertiary Classrooms","Sp_25_10"
"Sp_25_10_66","Primary Classrooms","Sp_25_10"
"Sp_25_10_71","Religious Education Classrooms","Sp_25_10"
"Sp_25_10_77","Secondary Classrooms","Sp_25_10"
"Sp_25_10_78","Seminar Rooms","Sp_25_10"
"Sp_25_10_80","Staff Common Rooms","Sp_25_10"
"Sp_25_10_82","Student Common Rooms","Sp_25_10"
"Sp_25_10_84","Study Rooms","Sp_25_10"
"Sp_25_10_90","Tertiary Classrooms","Sp_25_10"
"Sp_25_10_97","Woodwork Classrooms","Sp_25_10"
"Sp_25_30","Scientific Laboratory Spaces","Sp_25"
"Sp_25_30_02","Analytical Chemistry Laboratories","Sp_25_30"
"Sp_25_30_03","Animal Laboratories","Sp_25_30"
"Sp_25_30_04","Astronomical Laboratories","Sp_25_30"
"Sp_25_30_05","Astronomical Observatory Domes","Sp_25_30"
"Sp_25_30_07","Biological Laboratories","Sp_25_30"
"Sp_25_30_08","Biology Teaching Laboratories","Sp_25_30"
"Sp_25_30_10","Bioscience Laboratories","Sp_25_30"
"Sp_25_30_13","Chemistry Teaching Laboratories","Sp_25_30"
"Sp_25_30_15","Clinical Biochemistry Laboratories","Sp_25_30"
"Sp_25_30_16","Clinical Microbiology Laboratories","Sp_25_30"
"Sp_25_30_17","Clinical Pathology Laboratories","Sp_25_30"
"Sp_25_30_19","Containment Laboratories","Sp_25_30"
"Sp_25_30_23","Dry Laboratories","Sp_25_30"
"Sp_25_30_26","Earth Sciences Laboratories","Sp_25_30"
"Sp_25_30_31","Forensics Laboratories","Sp_25_30"
"Sp_25_30_33","Geology Laboratories","Sp_25_30"
"Sp_25_30_42","Inorganic Chemistry Laboratories","Sp_25_30"
"Sp_25_30_58","Optical Physics Laboratories","Sp_25_30"
"Sp_25_30_59","Organic Chemistry Laboratories","Sp_25_30"
"Sp_25_30_63","Physical Chemistry Laboratories","Sp_25_30"
"Sp_25_30_65","Physical Sciences Laboratories","Sp_25_30"
"Sp_25_30_66","Physics Teaching Laboratories","Sp_25_30"
"Sp_25_30_68","Psychology Laboratories","Sp_25_30"
"Sp_25_30_80","Solar Observatory Rooms","Sp_25_30"
"Sp_25_30_90","Toxicology Laboratories","Sp_25_30"
"Sp_25_30_96","Wet Laboratories","Sp_25_30"
"Sp_25_35","Scientific Ancillary Spaces","Sp_25"
"Sp_25_35_02","Anechoic Chambers","Sp_25_35"
"Sp_25_35_03","Animal Holding Rooms","Sp_25_35"
"Sp_25_35_05","Autoclave Rooms","Sp_25_35"
"Sp_25_35_06","Bioscience Equipment Rooms","Sp_25_35"
"Sp_25_35_08","Blood Banks","Sp_25_35"
"Sp_25_35_14","Chemicals Stores","Sp_25_35"
"Sp_25_35_16","Clean Rooms","Sp_25_35"
"Sp_25_35_18","Computer Rooms","Sp_25_35"
"Sp_25_35_19","Containment Rooms","Sp_25_35"
"Sp_25_35_21","Dark Rooms","Sp_25_35"
"Sp_25_35_28","Experiment Control Rooms","Sp_25_35"
"Sp_25_35_29","Flammable Chemical Stores","Sp_25_35"
"Sp_25_35_30","Flow Cytometry Rooms","Sp_25_35"
"Sp_25_35_36","Hyperbaric Chambers","Sp_25_35"
"Sp_25_35_42","Instrument Rooms","Sp_25_35"
"Sp_25_35_46","Laboratory Cold Rooms","Sp_25_35"
"Sp_25_35_47","Laboratory Warm Rooms","Sp_25_35"
"Sp_25_35_70","Radiation Shielded Rooms","Sp_25_35"
"Sp_25_35_76","Seismograph Rooms","Sp_25_35"
"Sp_25_35_88","Tissue Culture Rooms","Sp_25_35"
"Sp_25_50","Exhibition Spaces","Sp_25"
"Sp_25_50_04","Art Galleries","Sp_25_50"
"Sp_25_50_15","Collection Exhibition Spaces","Sp_25_50"
"Sp_25_50_16","Conservation Rooms","Sp_25_50"
"Sp_25_50_21","Diorama Rooms","Sp_25_50"
"Sp_25_50_22","Display Aquaria","Sp_25_50"
"Sp_25_50_23","Display Aviaries","Sp_25_50"
"Sp_25_50_24","Display Cages","Sp_25_50"
"Sp_25_50_25","Display Enclosures","Sp_25_50"
"Sp_25_50_26","Display Pools","Sp_25_50"
"Sp_25_50_29","Fauna Exhibition Spaces","Sp_25_50"
"Sp_25_50_31","Flora Exhibition Spaces","Sp_25_50"
"Sp_25_50_55","Multipurpose Exhibition Spaces","Sp_25_50"
"Sp_25_50_63","Planetaria","Sp_25_50"
"Sp_25_50_66","Product Display Spaces","Sp_25_50"
"Sp_25_50_67","Product Display Stands","Sp_25_50"
"Sp_25_50_73","Sculpture Galleries","Sp_25_50"
"Sp_25_50_74","Sculpture Gardens","Sp_25_50"
"Sp_25_50_87","Temporary Exhibition Booths","Sp_25_50"
"Sp_25_50_88","Temporary Exhibition Spaces","Sp_25_50"
"Sp_25_50_90","Touching Pools","Sp_25_50"
"Sp_25_50_93","Underwater Viewing Spaces","Sp_25_50"
"Sp_25_50_94","Viewing Platforms","Sp_25_50"
"Sp_25_50_95","Viewing Walkways","Sp_25_50"
"Sp_25_70","Information Spaces","Sp_25"
"Sp_25_70_04","Archives","Sp_25_70"
"Sp_25_70_05","Audio-Visual Study Rooms","Sp_25_70"
"Sp_25_70_08","Borrowing And Return Counters","Sp_25_70"
"Sp_25_70_11","Catalogue Areas","Sp_25_70"
"Sp_25_70_15","Conference Auditoria","Sp_25_70"
"Sp_25_70_16","Conference Rooms","Sp_25_70"
"Sp_25_70_18","Conservation Rooms","Sp_25_70"
"Sp_25_70_23","Drawing Study Rooms","Sp_25_70"
"Sp_25_70_27","Enquiry Areas","Sp_25_70"
"Sp_25_70_30","Film Storage Vaults","Sp_25_70"
"Sp_25_70_46","Lending Areas","Sp_25_70"
"Sp_25_70_47","Library Stacks","Sp_25_70"
"Sp_25_70_50","Map Rooms","Sp_25_70"
"Sp_25_70_56","Newspaper Reading Rooms","Sp_25_70"
"Sp_25_70_62","Photocopying Rooms","Sp_25_70"
"Sp_25_70_63","Photograph Study Rooms","Sp_25_70"
"Sp_25_70_71","Reading Rooms","Sp_25_70"
"Sp_25_70_72","Reference Areas","Sp_25_70"
"Sp_25_70_82","Study Areas","Sp_25_70"
"Sp_25_90","Worship Spaces","Sp_25"
"Sp_25_90_01","Aisles","Sp_25_90"
"Sp_25_90_03","Altars","Sp_25_90"
"Sp_25_90_05","Arks","Sp_25_90"
"Sp_25_90_06","Baptisteries","Sp_25_90"
"Sp_25_90_08","Bimahs","Sp_25_90"
"Sp_25_90_09","Blessing Spaces","Sp_25_90"
"Sp_25_90_12","Ceremonial Spaces","Sp_25_90"
"Sp_25_90_14","Chancels","Sp_25_90"
"Sp_25_90_15","Chapels","Sp_25_90"
"Sp_25_90_16","Choir Lofts","Sp_25_90"
"Sp_25_90_17","Choirs","Sp_25_90"
"Sp_25_90_52","Meditation Rooms","Sp_25_90"
"Sp_25_90_53","Men’s Prayer Rooms","Sp_25_90"
"Sp_25_90_54","Mihrabs","Sp_25_90"
"Sp_25_90_55","Multidenominational Chapels","Sp_25_90"
"Sp_25_90_56","Naves","Sp_25_90"
"Sp_25_90_66","Procession Spaces","Sp_25_90"
"Sp_25_90_68","Pulpits","Sp_25_90"
"Sp_25_90_72","Reflection Spaces","Sp_25_90"
"Sp_25_90_75","Sacramental Spaces","Sp_25_90"
"Sp_25_90_77","Side Chapels","Sp_25_90"
"Sp_25_90_87","Tabernacles","Sp_25_90"
"Sp_25_90_90","Transepts","Sp_25_90"
"Sp_25_90_97","Women’s Prayer Rooms","Sp_25_90"
"Sp_25_95","Worship Ancillary Spaces","Sp_25"
"Sp_25_95_07","Belfries","Sp_25_95"
"Sp_25_95_08","Bell Ringing Spaces","Sp_25_95"
"Sp_25_95_12","Chapter Houses","Sp_25_95"
"Sp_25_95_13","Circumcision Rooms","Sp_25_95"
"Sp_25_95_14","Cloisters","Sp_25_95"
"Sp_25_95_15","Confessionals","Sp_25_95"
"Sp_25_95_18","Crypts","Sp_25_95"
"Sp_25_95_33","Galleries","Sp_25_95"
"Sp_25_95_50","Marriage Sanctuaries","Sp_25_95"
"Sp_25_95_75","Sanctuaries","Sp_25_95"
"Sp_25_95_90","Treasuries","Sp_25_95"
"Sp_25_95_94","Vestries","Sp_25_95"
"Sp_30","Industrial Spaces","Sp"
"Sp_30_10","Mineral Extraction Spaces","Sp_30"
"Sp_30_10_28","Explosives Store Rooms","Sp_30_10"
"Sp_30_10_52","Mineral Storage Spaces","Sp_30_10"
"Sp_30_10_57","Offshore Oil And Gas Drilling Areas","Sp_30_10"
"Sp_30_10_58","Oil And Gas Storage Spaces","Sp_30_10"
"Sp_30_10_59","Onshore Oil And Gas Drilling Areas","Sp_30_10"
"Sp_30_10_60","Opencast Mines","Sp_30_10"
"Sp_30_10_69","Quarries","Sp_30_10"
"Sp_30_10_85","Surface Mining Areas","Sp_30_10"
"Sp_30_10_91","Underground Mine Chambers","Sp_30_10"
"Sp_30_10_92","Underground Mine Hoist Control Rooms","Sp_30_10"
"Sp_30_10_93","Underground Mine Shafts","Sp_30_10"
"Sp_30_10_94","Underground Mine Tunnels","Sp_30_10"
"Sp_30_20","Agricultural Spaces","Sp_30"
"Sp_30_20_11","Cages","Sp_30_20"
"Sp_30_20_12","Cattle Byres","Sp_30_20"
"Sp_30_20_18","Crofts","Sp_30_20"
"Sp_30_20_24","Dungsteads","Sp_30_20"
"Sp_30_20_25","Farm Effluent Tanks","Sp_30_20"
"Sp_30_20_26","Farm Shops","Sp_30_20"
"Sp_30_20_27","Feed Stores","Sp_30_20"
"Sp_30_20_28","Fields","Sp_30_20"
"Sp_30_20_29","Fish Cultivation Aquaria","Sp_30_20"
"Sp_30_20_30","Fisheries","Sp_30_20"
"Sp_30_20_31","Forests","Sp_30_20"
"Sp_30_20_34","Glasshouse Spaces","Sp_30_20"
"Sp_30_20_35","Grain Hoppers","Sp_30_20"
"Sp_30_20_36","Grain Stores","Sp_30_20"
"Sp_30_20_39","Hothouse Spaces","Sp_30_20"
"Sp_30_20_47","Livestock Ranges","Sp_30_20"
"Sp_30_20_52","Milking Parlours","Sp_30_20"
"Sp_30_20_55","Mushroom Cultivation Spaces","Sp_30_20"
"Sp_30_20_60","Paddocks","Sp_30_20"
"Sp_30_20_62","Pens","Sp_30_20"
"Sp_30_20_64","Plant Nurseries","Sp_30_20"
"Sp_30_20_65","Plant Nursery Spaces","Sp_30_20"
"Sp_30_20_66","Poultry Batteries","Sp_30_20"
"Sp_30_20_77","Shearing Spaces","Sp_30_20"
"Sp_30_20_78","Sheep Dips","Sp_30_20"
"Sp_30_20_80","Slurry Tanks","Sp_30_20"
"Sp_30_20_83","Stables","Sp_30_20"
"Sp_30_20_84","Stalls","Sp_30_20"
"Sp_30_20_85","Sties","Sp_30_20"
"Sp_30_20_99","Yards","Sp_30_20"
"Sp_30_30","Mineral Processing Spaces","Sp_30"
"Sp_30_30_58","Ore Processing Spaces","Sp_30_30"
"Sp_30_30_59","Oil And Gas Processing Spaces","Sp_30_30"
"Sp_30_40","Agricultural Processing Spaces","Sp_30"
"Sp_30_40_06","Baking Rooms","Sp_30_40"
"Sp_30_40_07","Bottling Rooms","Sp_30_40"
"Sp_30_40_09","Brewing Rooms","Sp_30_40"
"Sp_30_40_10","Butter-Making Rooms","Sp_30_40"
"Sp_30_40_11","Canning Rooms","Sp_30_40"
"Sp_30_40_12","Carcase Cold Rooms","Sp_30_40"
"Sp_30_40_13","Carcase Processing Rooms","Sp_30_40"
"Sp_30_40_18","Cheese Maturation Rooms","Sp_30_40"
"Sp_30_40_22","Distillery Spaces","Sp_30_40"
"Sp_30_40_29","Factory Shops","Sp_30_40"
"Sp_30_40_30","Fish Processing Rooms","Sp_30_40"
"Sp_30_40_31","Fish Smoking Rooms","Sp_30_40"
"Sp_30_40_32","Fresh Fruit Packing Rooms","Sp_30_40"
"Sp_30_40_33","Fresh Vegetable Packing Rooms","Sp_30_40"
"Sp_30_40_44","Juicing Rooms","Sp_30_40"
"Sp_30_40_46","Leather Tanning Rooms","Sp_30_40"
"Sp_30_40_52","Meat Smoking Rooms","Sp_30_40"
"Sp_30_40_53","Micro-Brewing Rooms","Sp_30_40"
"Sp_30_40_54","Milk Processing Rooms","Sp_30_40"
"Sp_30_40_65","Poultry Processing Rooms","Sp_30_40"
"Sp_30_40_75","Sawing Rooms","Sp_30_40"
"Sp_30_40_80","Slaughter Rooms","Sp_30_40"
"Sp_30_40_88","Threshing Rooms","Sp_30_40"
"Sp_30_40_90","Tobacco Drying Rooms","Sp_30_40"
"Sp_30_40_96","Winery Spaces","Sp_30_40"
"Sp_30_40_98","Wool Sorting Rooms","Sp_30_40"
"Sp_30_50","Manufacturing Spaces","Sp_30"
"Sp_30_50_06","Batching Spaces","Sp_30_50"
"Sp_30_50_08","Brick Firing Kilns","Sp_30_50"
"Sp_30_50_11","Ceramic Firing Ovens","Sp_30_50"
"Sp_30_50_27","Electronics Clean Rooms","Sp_30_50"
"Sp_30_50_29","Factory Shops","Sp_30_50"
"Sp_30_50_30","Finished Vehicle Storage Spaces","Sp_30_50"
"Sp_30_50_53","Mixing Bins","Sp_30_50"
"Sp_30_50_60","Packaging Lines","Sp_30_50"
"Sp_30_50_62","Pharmaceuticals Clean Rooms","Sp_30_50"
"Sp_30_50_64","Printing Spaces","Sp_30_50"
"Sp_30_50_66","Production Service And Repair Spaces","Sp_30_50"
"Sp_30_50_69","Quality Control Spaces","Sp_30_50"
"Sp_30_50_70","Raw Materials Storage Silos","Sp_30_50"
"Sp_30_50_71","Raw Materials Storage Spaces","Sp_30_50"
"Sp_30_50_72","Raw Materials Storage Tanks","Sp_30_50"
"Sp_30_50_77","Sheltered Workshops","Sp_30_50"
"Sp_30_50_80","Spray Booths","Sp_30_50"
"Sp_30_50_90","Vehicle Finishing Spaces ","Sp_30_50"
"Sp_30_50_91","Waste Gas Storage Spaces","Sp_30_50"
"Sp_30_50_92","Waste Gas Treatment Spaces","Sp_30_50"
"Sp_30_50_93","Waste Liquids Storage Spaces","Sp_30_50"
"Sp_30_50_94","Waste Liquids Treatment Spaces","Sp_30_50"
"Sp_30_50_95","Waste Solids Storage Spaces","Sp_30_50"
"Sp_30_50_96","Waste Solids Treatment Spaces","Sp_30_50"
"Sp_30_50_97","Waste Water Treatment Spaces","Sp_30_50"
"Sp_30_50_98","Workbench Spaces","Sp_30_50"
"Sp_30_60","Cleaning And Maintenance Spaces","Sp_30"
"Sp_30_60_15","Commercial Laundries","Sp_30_60"
"Sp_30_60_23","Domestic Laundries","Sp_30_60"
"Sp_30_60_25","Drying And Airing Rooms","Sp_30_60"
"Sp_30_60_46","Laundrettes","Sp_30_60"
"Sp_30_90","Warehousing And Distribution Spaces","Sp_30"
"Sp_30_90_10","Builder’s Yards","Sp_30_90"
"Sp_30_90_29","Factory Seconds Outlets","Sp_30_90"
"Sp_30_90_48","Loading Docks","Sp_30_90"
"Sp_30_90_50","Maintenance Depots","Sp_30_90"
"Sp_30_90_65","Road Salt Stores","Sp_30_90"
"Sp_30_90_80","Sorting And Distribution Spaces","Sp_30_90"
"Sp_30_90_96","Warehouse Spaces","Sp_30_90"
"Sp_30_95","Storage Spaces","Sp_30"
"Sp_30_95_04","Attics","Sp_30_95"
"Sp_30_95_12","Cellars","Sp_30_95"
"Sp_30_95_14","Cloak Rooms","Sp_30_95"
"Sp_30_95_15","Cold Store Rooms","Sp_30_95"
"Sp_30_95_33","Goods Delivery Bays","Sp_30_95"
"Sp_30_95_34","Goods Stores","Sp_30_95"
"Sp_30_95_35","Goods Warehouses","Sp_30_95"
"Sp_30_95_36","Hazardous Waste Storage Spaces","Sp_30_95"
"Sp_30_95_47","Left Luggage Rooms","Sp_30_95"
"Sp_30_95_59","Outdoor Storage Spaces","Sp_30_95"
"Sp_30_95_77","Secure Store Rooms","Sp_30_95"
"Sp_30_95_80","Small Shed Spaces","Sp_30_95"
"Sp_30_95_85","Stock Rooms","Sp_30_95"
"Sp_30_95_86","Storerooms","Sp_30_95"
"Sp_30_95_94","Vaults","Sp_30_95"
"Sp_30_95_96","Waste Storage Spaces","Sp_30_95"
"Sp_35","Medical, Health, Welfare And Sanitary Spaces","Sp"
"Sp_35_10","Medical Spaces","Sp_35"
"Sp_35_10_01","Accident And Emergency Waiting Rooms","Sp_35_10"
"Sp_35_10_08","Birthing Rooms","Sp_35_10"
"Sp_35_10_10","Burns Units","Sp_35_10"
"Sp_35_10_12","Children’s Wards","Sp_35_10"
"Sp_35_10_15","Consulting Rooms","Sp_35_10"
"Sp_35_10_18","Ct And Other Scanning Rooms","Sp_35_10"
"Sp_35_10_22","Dental Surgeries","Sp_35_10"
"Sp_35_10_23","Dissection Rooms","Sp_35_10"
"Sp_35_10_24","Doctors Consulting Rooms","Sp_35_10"
"Sp_35_10_30","Field Surgeries","Sp_35_10"
"Sp_35_10_36","Hearing Test Rooms","Sp_35_10"
"Sp_35_10_37","Hospital Laundries","Sp_35_10"
"Sp_35_10_38","Hospital Records Stores","Sp_35_10"
"Sp_35_10_42","Intensive Care Wards","Sp_35_10"
"Sp_35_10_43","Isolation Units","Sp_35_10"
"Sp_35_10_50","Maternity Wards","Sp_35_10"
"Sp_35_10_57","Nursing Clinics","Sp_35_10"
"Sp_35_10_58","Occupational Therapy Rooms","Sp_35_10"
"Sp_35_10_59","Operating Theatres","Sp_35_10"
"Sp_35_10_64","Pharmaceutical Dispensaries","Sp_35_10"
"Sp_35_10_65","Pharmacies","Sp_35_10"
"Sp_35_10_66","Physiotherapy Rooms","Sp_35_10"
"Sp_35_10_68","Prosthetics Rehabilitation Rooms","Sp_35_10"
"Sp_35_10_70","Radiography Rooms","Sp_35_10"
"Sp_35_10_71","Radiotherapy Rooms","Sp_35_10"
"Sp_35_10_72","Receptionist Areas","Sp_35_10"
"Sp_35_10_73","Recovery Wards","Sp_35_10"
"Sp_35_10_74","Rehabilitation Rooms","Sp_35_10"
"Sp_35_10_76","Screening Laboratories","Sp_35_10"
"Sp_35_30","Health Spaces","Sp_35"
"Sp_35_30_08","Blood Donation Rooms","Sp_35_30"
"Sp_35_30_22","Dental Surgeries","Sp_35_30"
"Sp_35_30_23","Doctors Consulting Rooms","Sp_35_30"
"Sp_35_30_30","First Aid Posts","Sp_35_30"
"Sp_35_30_37","Health Waiting Rooms","Sp_35_30"
"Sp_35_30_52","Minor Operating Theatres","Sp_35_30"
"Sp_35_30_57","Nursing Clinics","Sp_35_30"
"Sp_35_30_63","Pharmaceutical Dispensaries","Sp_35_30"
"Sp_35_30_64","Physiotherapy Rooms","Sp_35_30"
"Sp_35_30_67","Prosthetics Rehabilitation Rooms","Sp_35_30"
"Sp_35_30_71","Receptionist Areas","Sp_35_30"
"Sp_35_30_72","Records Stores","Sp_35_30"
"Sp_35_30_76","Screening Laboratories","Sp_35_30"
"Sp_35_30_78","Sick Bays","Sp_35_30"
"Sp_35_30_87","Tattoo Parlours","Sp_35_30"
"Sp_35_50","Welfare Spaces","Sp_35"
"Sp_35_50_15","Convalescence Decks","Sp_35_50"
"Sp_35_50_16","Convalescence Rooms","Sp_35_50"
"Sp_35_50_17","CrèChes","Sp_35_50"
"Sp_35_50_28","Exercise Rooms","Sp_35_50"
"Sp_35_50_36","Homeless Dormitories","Sp_35_50"
"Sp_35_50_37","Homeless Refectories","Sp_35_50"
"Sp_35_50_38","Hospice Bedrooms","Sp_35_50"
"Sp_35_50_55","Needle Use Rooms","Sp_35_50"
"Sp_35_50_56","Nurseries","Sp_35_50"
"Sp_35_50_57","Nursing Home Bedrooms","Sp_35_50"
"Sp_35_50_75","Sanatoria Wards","Sp_35_50"
"Sp_35_50_80","Soup Kitchens","Sp_35_50"
"Sp_35_50_85","Suicide-Watch Rooms","Sp_35_50"
"Sp_35_50_97","Welfare Interview Rooms","Sp_35_50"
"Sp_35_70","Funerary Spaces","Sp_35"
"Sp_35_70_12","Cemeteries","Sp_35_70"
"Sp_35_70_13","Chapels Of Rest","Sp_35_70"
"Sp_35_70_15","Columbaria","Sp_35_70"
"Sp_35_70_18","Crematorium Oven Rooms","Sp_35_70"
"Sp_35_70_29","Field Mortuaries","Sp_35_70"
"Sp_35_70_31","Funeral Parlours","Sp_35_70"
"Sp_35_70_32","Funeral Vaults","Sp_35_70"
"Sp_35_70_33","Gardens Of Remembrance","Sp_35_70"
"Sp_35_70_50","Mausoleums","Sp_35_70"
"Sp_35_70_54","Morgues","Sp_35_70"
"Sp_35_70_55","Mortuaries","Sp_35_70"
"Sp_35_70_78","Shrines","Sp_35_70"
"Sp_35_70_90","Tombs","Sp_35_70"
"Sp_35_80","Sanitary Spaces","Sp_35"
"Sp_35_80_01","Accessible Changing Rooms","Sp_35_80"
"Sp_35_80_02","Accessible Public Bathrooms","Sp_35_80"
"Sp_35_80_03","Accessible Public Showers","Sp_35_80"
"Sp_35_80_04","Accessible Public Toilets","Sp_35_80"
"Sp_35_80_06","Baby Changing Rooms","Sp_35_80"
"Sp_35_80_50","Men’s Changing Rooms","Sp_35_80"
"Sp_35_80_51","Men’s Public Bathrooms","Sp_35_80"
"Sp_35_80_52","Men’s Public Showers","Sp_35_80"
"Sp_35_80_53","Men’s Public Toilets (e.g. Toilet Pods)","Sp_35_80"
"Sp_35_80_59","Open Shower Areas","Sp_35_80"
"Sp_35_80_64","Private Bathrooms (e.g. Bathroom Pods)","Sp_35_80"
"Sp_35_80_65","Private Showers","Sp_35_80"
"Sp_35_80_66","Private Toilets","Sp_35_80"
"Sp_35_80_80","Smoking Spaces","Sp_35_80"
"Sp_35_80_91","Unisex Changing Rooms","Sp_35_80"
"Sp_35_80_92","Unisex Public Bathrooms","Sp_35_80"
"Sp_35_80_93","Unisex Public Showers","Sp_35_80"
"Sp_35_80_94","Unisex Public Toilets","Sp_35_80"
"Sp_35_80_95","Urinals","Sp_35_80"
"Sp_35_80_96","Women’s Changing Rooms","Sp_35_80"
"Sp_35_80_97","Women’s Public Bathrooms","Sp_35_80"
"Sp_35_80_98","Women’s Public Showers","Sp_35_80"
"Sp_35_80_99","Women’s Public Toilets","Sp_35_80"
"Sp_35_90","Animal Medical, Health, Welfare, Funerary And Sanitary Spaces","Sp_35"
"Sp_35_90_02","Animal Clinics","Sp_35_90"
"Sp_35_90_03","Animal Clipping And Pedicuring Boutiques","Sp_35_90"
"Sp_35_90_04","Animal Dispensaries","Sp_35_90"
"Sp_35_90_05","Animal Exercise Yards","Sp_35_90"
"Sp_35_90_06","Animal Funerary Spaces","Sp_35_90"
"Sp_35_90_07","Animal Operating Theatres","Sp_35_90"
"Sp_35_90_08","Animal Quarantine Spaces","Sp_35_90"
"Sp_35_90_09","Animal Recovery Wards","Sp_35_90"
"Sp_35_90_37","Hippotherapy Pools","Sp_35_90"
"Sp_35_90_90","Welfare Aquaria","Sp_35_90"
"Sp_35_90_92","Welfare Aviaries","Sp_35_90"
"Sp_35_90_93","Welfare Cages","Sp_35_90"
"Sp_35_90_95","Welfare Kennels","Sp_35_90"
"Sp_35_90_97","Welfare Stables","Sp_35_90"
"Sp_35_90_98","Welfare Stalls","Sp_35_90"
"Sp_35_90_99","Welfare Sties","Sp_35_90"
"Sp_40","Recreational Spaces","Sp"
"Sp_40_05","Amusement Spaces","Sp_40"
"Sp_40_05_01","Adventure Playgrounds","Sp_40_05"
"Sp_40_05_03","Amusement Arcades","Sp_40_05"
"Sp_40_05_08","Bookmaker’s Halls","Sp_40_05"
"Sp_40_05_11","Camping Sites","Sp_40_05"
"Sp_40_05_12","Caravan Sites","Sp_40_05"
"Sp_40_05_13","Casino Floors","Sp_40_05"
"Sp_40_05_23","Dodgem Cars Arenas","Sp_40_05"
"Sp_40_05_42","Indoor Rides","Sp_40_05"
"Sp_40_05_43","Interpretation Spaces","Sp_40_05"
"Sp_40_05_58","Observation Decks","Sp_40_05"
"Sp_40_05_59","Outdoor Activity Areas","Sp_40_05"
"Sp_40_05_60","Outdoor Rides","Sp_40_05"
"Sp_40_05_62","Permanent Fair Grounds","Sp_40_05"
"Sp_40_05_63","Play Spaces","Sp_40_05"
"Sp_40_05_64","Playgrounds","Sp_40_05"
"Sp_40_05_65","Pleasure Gardens","Sp_40_05"
"Sp_40_05_67","Public Gardens","Sp_40_05"
"Sp_40_05_68","Public Parks","Sp_40_05"
"Sp_40_05_88","Temporary Fair Grounds","Sp_40_05"
"Sp_40_05_89","Theme Parks","Sp_40_05"
"Sp_40_05_90","Tourist Information Offices","Sp_40_05"
"Sp_40_05_99","Zen Gardens","Sp_40_05"
"Sp_40_20","Dining Spaces","Sp_40"
"Sp_40_20_05","Banqueting Rooms","Sp_40_20"
"Sp_40_20_06","Bars","Sp_40_20"
"Sp_40_20_07","Beer Cellars","Sp_40_20"
"Sp_40_20_08","Beer Gardens","Sp_40_20"
"Sp_40_20_09","Beverage Stations","Sp_40_20"
"Sp_40_20_10","Buffet Bars","Sp_40_20"
"Sp_40_20_11","Canteens","Sp_40_20"
"Sp_40_20_14","Cocktail Lounges","Sp_40_20"
"Sp_40_20_15","Cold Rooms","Sp_40_20"
"Sp_40_20_16","Cook/ Chill Spaces","Sp_40_20"
"Sp_40_20_19","Customer Queuing Spaces","Sp_40_20"
"Sp_40_20_20","Customer Waiting Areas","Sp_40_20"
"Sp_40_20_27","Enclosed Dining Areas","Sp_40_20"
"Sp_40_20_28","Food Courts","Sp_40_20"
"Sp_40_20_32","Footpath Dining Areas","Sp_40_20"
"Sp_40_20_33","Function Rooms","Sp_40_20"
"Sp_40_20_45","Kitchens","Sp_40_20"
"Sp_40_20_46","Larders","Sp_40_20"
"Sp_40_20_52","Messes","Sp_40_20"
"Sp_40_20_58","Open-Plan Dining Areas","Sp_40_20"
"Sp_40_20_59","Outdoor Dining Areas","Sp_40_20"
"Sp_40_20_60","Pantries","Sp_40_20"
"Sp_40_20_72","Refectories","Sp_40_20"
"Sp_40_20_75","Salad Bars","Sp_40_20"
"Sp_40_20_77","Serveries","Sp_40_20"
"Sp_40_20_87","Tap Rooms","Sp_40_20"
"Sp_40_20_90","Tray Return Spaces","Sp_40_20"
"Sp_40_20_96","Waste Food Handling Spaces","Sp_40_20"
"Sp_40_20_98","Wine Cellars","Sp_40_20"
"Sp_40_35","Historic Recreational Spaces","Sp_40"
"Sp_40_35_04","Anglo-Saxon Ruins","Sp_40_35"
"Sp_40_35_06","Battle Sites","Sp_40_35"
"Sp_40_35_37","Historic Earthworks","Sp_40_35"
"Sp_40_35_41","Indoor Historic Spaces","Sp_40_35"
"Sp_40_35_42","Industrial Ruins","Sp_40_35"
"Sp_40_35_51","Medieval Ruins","Sp_40_35"
"Sp_40_35_57","Norman Ruins","Sp_40_35"
"Sp_40_35_66","Prehistoric Ruins","Sp_40_35"
"Sp_40_35_72","Roman Ruins","Sp_40_35"
"Sp_40_35_95","Viking Ruins","Sp_40_35"
"Sp_40_60","Performing Arts Performance Spaces","Sp_40"
"Sp_40_60_06","Bandstands","Sp_40_60"
"Sp_40_60_11","Cat Walks","Sp_40_60"
"Sp_40_60_13","Circus Rings","Sp_40_60"
"Sp_40_60_21","Dance Floors","Sp_40_60"
"Sp_40_60_30","Film Studios","Sp_40_60"
"Sp_40_60_31","Fixed Stages","Sp_40_60"
"Sp_40_60_52","Mobile Stages","Sp_40_60"
"Sp_40_60_53","Motion Picture Screen Spaces","Sp_40_60"
"Sp_40_60_55","Music Recording Studios","Sp_40_60"
"Sp_40_60_58","Orchestra Pits","Sp_40_60"
"Sp_40_60_59","Outdoor Theatre Spaces","Sp_40_60"
"Sp_40_60_62","Performance Spaces","Sp_40_60"
"Sp_40_60_80","Sound Shells","Sp_40_60"
"Sp_40_60_81","Sound Stages","Sp_40_60"
"Sp_40_60_88","Temporary Stages","Sp_40_60"
"Sp_40_65","Performing Arts Ancillary Spaces","Sp_40"
"Sp_40_65_02","Amphitheatres","Sp_40_65"
"Sp_40_65_04","Audience Lobbies","Sp_40_65"
"Sp_40_65_05","Auditoria","Sp_40_65"
"Sp_40_65_06","Backstage Spaces","Sp_40_65"
"Sp_40_65_08","Box Seating Spaces","Sp_40_65"
"Sp_40_65_30","Fly Towers","Sp_40_65"
"Sp_40_65_31","Foyers","Sp_40_65"
"Sp_40_65_33","Gallery Seating Spaces","Sp_40_65"
"Sp_40_65_35","Green Rooms","Sp_40_65"
"Sp_40_65_47","Lighting Control Booths","Sp_40_65"
"Sp_40_65_55","Music Recording Control Booths","Sp_40_65"
"Sp_40_65_66","Projection Booths","Sp_40_65"
"Sp_40_65_72","Rehearsal Rooms","Sp_40_65"
"Sp_40_65_76","Scenery Control Booths","Sp_40_65"
"Sp_40_65_79","Sound Control Booths","Sp_40_65"
"Sp_40_65_80","Sound Locks","Sp_40_65"
"Sp_40_65_84","Stage Wings","Sp_40_65"
"Sp_40_65_85","Stalls Seating Spaces","Sp_40_65"
"Sp_40_65_88","Temporary Seating Areas","Sp_40_65"
"Sp_40_65_89","Ticket Offices","Sp_40_65"
"Sp_40_75","Social Recreation Spaces","Sp_40"
"Sp_40_75_14","Club Rooms","Sp_40_75"
"Sp_40_75_15","Community Halls","Sp_40_75"
"Sp_40_80","Summer Olympic Sports Play Spaces (excl. Pool Sports)","Sp_40"
"Sp_40_80_01","Archery Ranges","Sp_40_80"
"Sp_40_80_02","Artistic Gymnastics Arenas","Sp_40_80"
"Sp_40_80_04","Athletics Fields","Sp_40_80"
"Sp_40_80_05","Athletics Tracks","Sp_40_80"
"Sp_40_80_06","Badminton Courts","Sp_40_80"
"Sp_40_80_07","Basketball Courts","Sp_40_80"
"Sp_40_80_08","Beach Volleyball Courts","Sp_40_80"
"Sp_40_80_09","Bmx Cycling Tracks","Sp_40_80"
"Sp_40_80_10","Boxing Rings","Sp_40_80"
"Sp_40_80_11","Canoe Slalom Courses","Sp_40_80"
"Sp_40_80_12","Canoe Sprint Courses","Sp_40_80"
"Sp_40_80_26","Equestrian Dressage Arenas","Sp_40_80"
"Sp_40_80_27","Equestrian Eventing Arenas","Sp_40_80"
"Sp_40_80_28","Equestrian Jumping Courses","Sp_40_80"
"Sp_40_80_29","Fencing Pistes","Sp_40_80"
"Sp_40_80_31","Football Pitches","Sp_40_80"
"Sp_40_80_36","Handball Courts","Sp_40_80"
"Sp_40_80_38","Hockey Pitches","Sp_40_80"
"Sp_40_80_44","Judo Competition Areas","Sp_40_80"
"Sp_40_80_53","Mountain Biking Trails","Sp_40_80"
"Sp_40_80_71","Rhythmic Gymnastics","Sp_40_80"
"Sp_40_80_72","Road Cycling Courses","Sp_40_80"
"Sp_40_80_73","Rowing Courses","Sp_40_80"
"Sp_40_80_75","Sailing Courses","Sp_40_80"
"Sp_40_80_77","Shooting Ranges","Sp_40_80"
"Sp_40_80_87","Table Tennis Spaces","Sp_40_80"
"Sp_40_80_88","Taekwondo Competition Areas","Sp_40_80"
"Sp_40_80_89","Tennis Courts","Sp_40_80"
"Sp_40_80_90","Track Cycling Tracks","Sp_40_80"
"Sp_40_80_91","Trampoline Gymnastics Spaces","Sp_40_80"
"Sp_40_80_95","Volleyball Courts","Sp_40_80"
"Sp_40_80_97","Weightlifting Spaces","Sp_40_80"
"Sp_40_80_98","Wrestling Rings","Sp_40_80"
"Sp_40_81","Winter Olympic Sports Play Spaces","Sp_40"
"Sp_40_81_02","Alpine Skiing Courses","Sp_40_81"
"Sp_40_81_08","Bobsled Courses","Sp_40_81"
"Sp_40_81_19","Cross-Country Skiing Courses","Sp_40_81"
"Sp_40_81_20","Curling Rinks","Sp_40_81"
"Sp_40_81_30","Figure Skating Rinks","Sp_40_81"
"Sp_40_81_32","Freestyle Skiing Courses","Sp_40_81"
"Sp_40_81_40","Ice Hockey Rinks","Sp_40_81"
"Sp_40_81_49","Luge Tracks","Sp_40_81"
"Sp_40_81_76","Short Track Speed Skating Tracks","Sp_40_81"
"Sp_40_81_77","Skeleton Courses","Sp_40_81"
"Sp_40_81_78","Ski Jumping Jumps","Sp_40_81"
"Sp_40_81_79","Ski Jumping Landing Areas","Sp_40_81"
"Sp_40_81_80","Snowboarding Courses","Sp_40_81"
"Sp_40_81_83","Speed Skating Courses","Sp_40_81"
"Sp_40_82","Non-Olympic Indoor Sports Play Spaces","Sp_40"
"Sp_40_82_01","Aerobics Spaces","Sp_40_82"
"Sp_40_82_08","Body Building Spaces","Sp_40_82"
"Sp_40_82_12","Circuit Training Courses","Sp_40_82"
"Sp_40_82_14","Climbing Wall Areas","Sp_40_82"
"Sp_40_82_21","Darts Throwing Spaces","Sp_40_82"
"Sp_40_82_31","Fives Courts","Sp_40_82"
"Sp_40_82_50","Martial Arts Spaces","Sp_40_82"
"Sp_40_82_56","Netball Courts","Sp_40_82"
"Sp_40_82_72","Rope Climbing Areas","Sp_40_82"
"Sp_40_82_78","Skittles Courts","Sp_40_82"
"Sp_40_82_79","Snooker Halls","Sp_40_82"
"Sp_40_82_80","Solaria","Sp_40_82"
"Sp_40_82_83","Squash Courts","Sp_40_82"
"Sp_40_82_86","Sumo Rings","Sp_40_82"
"Sp_40_82_90","Ten Pin Bowling Lanes","Sp_40_82"
"Sp_40_82_97","Weight Rooms","Sp_40_82"
"Sp_40_82_98","Workout Stations","Sp_40_82"
"Sp_40_83","Non-Olympic Outdoor Sports Play Spaces","Sp_40"
"Sp_40_83_06","Baseball Pitches","Sp_40_83"
"Sp_40_83_08","Bowling Greens","Sp_40_83"
"Sp_40_83_11","Car Racing Tracks","Sp_40_83"
"Sp_40_83_17","Cricket Pitches","Sp_40_83"
"Sp_40_83_18","Cross-Country Cycling Courses","Sp_40_83"
"Sp_40_83_19","Cross-Country Rallying Courses","Sp_40_83"
"Sp_40_83_20","Cross-Country Running Courses","Sp_40_83"
"Sp_40_83_23","Dog Racing Tracks","Sp_40_83"
"Sp_40_83_30","Fishing Courses","Sp_40_83"
"Sp_40_83_31","Five-A-Side Football Pitches","Sp_40_83"
"Sp_40_83_33","Gliding Runways","Sp_40_83"
"Sp_40_83_34","Golf Bunkers","Sp_40_83"
"Sp_40_83_35","Golf Driving Ranges","Sp_40_83"
"Sp_40_83_36","Golf Fairways","Sp_40_83"
"Sp_40_83_37","Golf Greens","Sp_40_83"
"Sp_40_83_38","Hang Gliding Launch Spaces","Sp_40_83"
"Sp_40_83_39","Horse Racing Tracks","Sp_40_83"
"Sp_40_83_52","Motor Boating Courses","Sp_40_83"
"Sp_40_83_53","Motorcycle Racing Tracks","Sp_40_83"
"Sp_40_83_55","Multi-Sports Courts","Sp_40_83"
"Sp_40_83_60","Parkour Courses","Sp_40_83"
"Sp_40_83_64","Polo Fields","Sp_40_83"
"Sp_40_83_71","Road Cycling Courses","Sp_40_83"
"Sp_40_83_72","Road Racing Courses","Sp_40_83"
"Sp_40_83_73","Road Running Courses","Sp_40_83"
"Sp_40_83_74","Rugby Pitches","Sp_40_83"
"Sp_40_83_76","Skateboarding Parks","Sp_40_83"
"Sp_40_83_80","Softball Pitches","Sp_40_83"
"Sp_40_83_84","Street Luge Courses","Sp_40_83"
"Sp_40_83_90","Toboggan Runs","Sp_40_83"
"Sp_40_83_96","Walking Trails","Sp_40_83"
"Sp_40_83_97","Water Skiing Courses","Sp_40_83"
"Sp_40_84","Sports Ancillary Spaces","Sp_40"
"Sp_40_84_07","Bleachers","Sp_40_84"
"Sp_40_84_15","Corporate Boxes","Sp_40_84"
"Sp_40_84_25","Dugouts","Sp_40_84"
"Sp_40_84_65","Press Boxes","Sp_40_84"
"Sp_40_84_77","Ski Lift Ways","Sp_40_84"
"Sp_40_84_82","Spectator Seating Areas","Sp_40_84"
"Sp_40_84_83","Spectator Standing Areas","Sp_40_84"
"Sp_40_84_88","Technical Areas","Sp_40_84"
"Sp_40_84_89","Temporary Seating Areas","Sp_40_84"
"Sp_40_84_94","Vip Spectator Seating Areas","Sp_40_84"
"Sp_40_85","Swimming Spaces","Sp_40"
"Sp_40_85_22","Diving Boards","Sp_40_85"
"Sp_40_85_23","Diving Pools (Olympic)","Sp_40_85"
"Sp_40_85_42","Informal Swimming Pools","Sp_40_85"
"Sp_40_85_65","Pool Plant Rooms","Sp_40_85"
"Sp_40_85_71","Recreational Pools","Sp_40_85"
"Sp_40_85_82","Splash Pools","Sp_40_85"
"Sp_40_85_83","Olympics Swimming Pools","Sp_40_85"
"Sp_40_85_86","Synchronised Swimming Pools (Olympic)","Sp_40_85"
"Sp_40_85_88","Therapy Pools","Sp_40_85"
"Sp_40_85_92","Underwater Observation Rooms","Sp_40_85"
"Sp_40_85_93","Wading Pools","Sp_40_85"
"Sp_40_85_94","Water Flumes And Tubes","Sp_40_85"
"Sp_40_85_95","Water Polo Pools (Olympic)","Sp_40_85"
"Sp_40_85_96","Water Slides","Sp_40_85"
"Sp_40_85_97","Wave Pools","Sp_40_85"
"Sp_40_85_98","Whirlpool/ Spa Pools","Sp_40_85"
"Sp_45","Residential Spaces","Sp"
"Sp_45_10","Long-Term Residential Spaces","Sp_45"
"Sp_45_10_06","Back Gardens","Sp_45_10"
"Sp_45_10_07","Bathrooms","Sp_45_10"
"Sp_45_10_08","Bed/ Studies","Sp_45_10"
"Sp_45_10_09","Bedrooms","Sp_45_10"
"Sp_45_10_11","Car Ports","Sp_45_10"
"Sp_45_10_13","Clothes Drying Spaces","Sp_45_10"
"Sp_45_10_15","Conservatories","Sp_45_10"
"Sp_45_10_22","Dining Rooms","Sp_45_10"
"Sp_45_10_30","Front Gardens","Sp_45_10"
"Sp_45_10_33","Garages","Sp_45_10"
"Sp_45_10_44","Kitchen/ Dining Rooms","Sp_45_10"
"Sp_45_10_45","Kitchens","Sp_45_10"
"Sp_45_10_46","Laundries","Sp_45_10"
"Sp_45_10_48","Libraries","Sp_45_10"
"Sp_45_10_49","Living Rooms","Sp_45_10"
"Sp_45_10_75","Safe Rooms","Sp_45_10"
"Sp_45_10_77","Showers","Sp_45_10"
"Sp_45_10_85","Store Rooms","Sp_45_10"
"Sp_45_10_87","Studies","Sp_45_10"
"Sp_45_10_90","Toilets","Sp_45_10"
"Sp_45_10_93","Utility Rooms","Sp_45_10"
"Sp_45_10_94","Verandas","Sp_45_10"
"Sp_45_10_96","Walk-In Wardrobes","Sp_45_10"
"Sp_45_10_97","Wine Cellars","Sp_45_10"
"Sp_45_50","Short-Term Residential Spaces","Sp_45"
"Sp_45_50_15","Communal Bars","Sp_45_50"
"Sp_45_50_16","Communal Bathrooms","Sp_45_50"
"Sp_45_50_17","Communal Dining Rooms","Sp_45_50"
"Sp_45_50_18","Communal Living Rooms","Sp_45_50"
"Sp_45_50_19","Communal Studies/ Offices","Sp_45_50"
"Sp_45_50_20","Concierge Offices","Sp_45_50"
"Sp_45_50_23","Dormitories","Sp_45_50"
"Sp_45_50_24","Drop-Off And Collection Areas","Sp_45_50"
"Sp_45_50_37","Hotel Lobbies","Sp_45_50"
"Sp_45_50_38","Hotel Rooms","Sp_45_50"
"Sp_45_50_39","Hotel Waiting Areas","Sp_45_50"
"Sp_45_50_47","Left Luggage Stores","Sp_45_50"
"Sp_45_50_62","Private Bathrooms","Sp_45_50"
"Sp_45_50_63","Private Dining Rooms","Sp_45_50"
"Sp_45_50_64","Private Living Rooms","Sp_45_50"
"Sp_45_50_65","Private Studies/ Offices","Sp_45_50"
"Sp_45_50_67","Public Bars","Sp_45_50"
"Sp_45_50_68","Public Dining Rooms","Sp_45_50"
"Sp_45_50_72","Reception Areas","Sp_45_50"
"Sp_50","Disposal Spaces","Sp"
"Sp_50_20","Wet Waste Collection And Distribution Spaces","Sp_50"
"Sp_50_20_10","Wet Waste Collection Spaces","Sp_50_20"
"Sp_50_20_50","Wet Waste Distribution Easements","Sp_50_20"
"Sp_50_40","Dry Waste Collection And Distribution Spaces","Sp_50"
"Sp_50_40_10","Dry Waste Collection Spaces","Sp_50_40"
"Sp_50_40_50","Dry Waste Distribution Easements","Sp_50_40"
"Sp_50_60","Wet Waste Storage, Treatment And Disposal Spaces","Sp_50"
"Sp_50_60_10","Wet Waste Storage Spaces","Sp_50_60"
"Sp_50_60_40","Wet Waste Treatment Spaces","Sp_50_60"
"Sp_50_60_70","Wet Waste Disposal Spaces","Sp_50_60"
"Sp_50_80","Dry Waste Storage, Treatment And Disposal Spaces","Sp_50"
"Sp_50_80_10","Dry Waste Storage Spaces","Sp_50_80"
"Sp_50_80_40","Dry Waste Treatment Spaces","Sp_50_80"
"Sp_50_80_70","Dry Waste Disposal Spaces","Sp_50_80"
"Sp_55","Piped Supply Spaces","Sp"
"Sp_55_20","Water Extraction And Treatment Spaces","Sp_55"
"Sp_55_20_10","Water Extraction Spaces","Sp_55_20"
"Sp_55_20_50","Water Treatment Spaces","Sp_55_20"
"Sp_55_40","Fuel And Gas Extraction And Treatment Spaces","Sp_55"
"Sp_55_40_10","Fuel And Gas Extraction Spaces","Sp_55_40"
"Sp_55_40_50","Fuel And Gas Treatment Spaces","Sp_55_40"
"Sp_55_60","Water Storage Spaces","Sp_55"
"Sp_55_70","Fuel And Gas Storage Spaces","Sp_55"
"Sp_55_80","Water Distribution Spaces","Sp_55"
"Sp_55_80_80","Water Distribution Easements","Sp_55_80"
"Sp_55_90","Fuel And Gas Distribution Spaces","Sp_55"
"Sp_55_90_80","Fuel And Gas Distribution Easements","Sp_55_90"
"Sp_60","Heating, Cooling And Refrigeration Spaces","Sp"
"Sp_60_10","Heating Spaces","Sp_60"
"Sp_60_10_60","Heating Plant Rooms","Sp_60_10"
"Sp_60_10_80","Heating Distribution Easements","Sp_60_10"
"Sp_60_40","Cooling Spaces","Sp_60"
"Sp_60_40_60","Cooling Plant Rooms","Sp_60_40"
"Sp_60_40_80","Cooling Distribution Easements","Sp_60_40"
"Sp_60_70","Refrigeration Spaces","Sp_60"
"Sp_60_70_60","Refrigeration Plant Rooms","Sp_60_70"
"Sp_60_70_80","Refrigeration Distribution Easements","Sp_60_70"
"Sp_65","Ventilation And Air Conditioning Spaces","Sp"
"Sp_65_10","Ventilation And Air Conditioning Spaces tempxxx","Sp_65"
"Sp_65_10_02","Air Locks","Sp_65_10"
"Sp_65_10_03","Anterooms","Sp_65_10"
"Sp_65_10_08","Breezeways","Sp_65_10"
"Sp_65_10_11","Canopies","Sp_65_10"
"Sp_65_10_15","Corridors","Sp_65_10"
"Sp_65_10_16","Covered Walkways","Sp_65_10"
"Sp_65_10_28","Escalators And Travelators","Sp_65_10"
"Sp_65_10_30","Fire Stairways","Sp_65_10"
"Sp_65_10_34","Goods Conveyors","Sp_65_10"
"Sp_65_10_36","Hallways","Sp_65_10"
"Sp_65_10_46","Landings","Sp_65_10"
"Sp_65_10_47","Lift Cars","Sp_65_10"
"Sp_65_10_48","Lift Machine Rooms","Sp_65_10"
"Sp_65_10_49","Lift Pits","Sp_65_10"
"Sp_65_10_50","Lift Shafts","Sp_65_10"
"Sp_65_10_51","Lobbies","Sp_65_10"
"Sp_65_10_53","Monumental Stairways","Sp_65_10"
"Sp_65_10_64","Porches","Sp_65_10"
"Sp_65_10_70","Ramps","Sp_65_10"
"Sp_65_10_75","Sally Ports","Sp_65_10"
"Sp_65_10_77","Shelters","Sp_65_10"
"Sp_65_10_85","Squares (outdoor)","Sp_65_10"
"Sp_65_10_93","Utilitarian Stairways","Sp_65_10"
"Sp_65_10_94","Vestibules","Sp_65_10"
"Sp_65_10_95","Walkways And Internal Bridges","Sp_65_10"
"Sp_65_10_96","Wheelchair Circulation Spaces","Sp_65_10"
"Sp_65_40","Ventilation Spaces","Sp_65"
"Sp_65_40_60","Ventilation Plant Rooms","Sp_65_40"
"Sp_65_80","Air Conditioning Spaces","Sp_65"
"Sp_65_80_60","Air Conditioning Plant Rooms","Sp_65_80"
"Sp_65_90_01","Access Floor Voids","Sp_65_90"
"Sp_65_90_02","Air Shafts","Sp_65_90"
"Sp_65_90_12","Chimneys","Sp_65_90"
"Sp_65_90_13","Chutes","Sp_65_90"
"Sp_65_90_13","Ceiling Voids","Sp_65_90"
"Sp_65_90_15","Control Rooms","Sp_65_90"
"Sp_65_90_18","Crawl Spaces","Sp_65_90"
"Sp_65_90_27","Equipment Rooms","Sp_65_90"
"Sp_65_90_32","Furnace Rooms","Sp_65_90"
"Sp_65_90_42","Incinerator Rooms","Sp_65_90"
"Sp_65_90_47","Light Wells","Sp_65_90"
"Sp_65_90_77","Server Rooms","Sp_65_90"
"Sp_65_90_78","Services Shafts","Sp_65_90"
"Sp_65_90_80","Solid Fuel Storerooms","Sp_65_90"
"Sp_65_90_85","Switch Rooms","Sp_65_90"
"Sp_65_90_90","Transformer Rooms","Sp_65_90"
"Sp_65_90_96","Wall Services Voids","Sp_65_90"
"Sp_70","Electrical Spaces","Sp"
"Sp_70_10","Electrical Power Generation Spaces","Sp_70"
"Sp_70_10_08","Boiler Rooms","Sp_70_10"
"Sp_70_10_15","Cooling Towers","Sp_70_10"
"Sp_70_10_27","Electricity Substation Spaces","Sp_70_10"
"Sp_70_10_72","Reactor Rooms","Sp_70_10"
"Sp_70_10_91","Turbine Rooms","Sp_70_10"
"Sp_70_40","Kinetic Power Generation Spaces","Sp_70"
"Sp_70_40_96","Water Mill Houses","Sp_70_40"
"Sp_70_40_97","Wind Mill Houses","Sp_70_40"
"Sp_70_70","Electrical Power Transmission And Distribution Spaces","Sp_70"
"Sp_70_70_80","Electricity Transmission Easements","Sp_70_70"
"Sp_75","Communications, Security, Safety And Protection Spaces","Sp"
"Sp_75_10","Broadcast Communications Spaces","Sp_75"
"Sp_75_10_70","Radio Broadcast Control Booths","Sp_75_10"
"Sp_75_10_72","Radio Broadcast Recording Studios","Sp_75_10"
"Sp_75_10_74","Radio Broadcast Studios","Sp_75_10"
"Sp_75_10_91","Television Broadcast Control Booths","Sp_75_10"
"Sp_75_10_92","Television Broadcast Recording Studios","Sp_75_10"
"Sp_75_10_93","Television Broadcast Studios","Sp_75_10"
"Sp_75_10_97","Web Server Rooms","Sp_75_10"
"Sp_75_30","Peer-To-Peer Communications Spaces","Sp_75"
"Sp_75_30_05","Automated Telephone Exchange Spaces","Sp_75_30"
"Sp_75_30_23","Digital Data Transmission Easements","Sp_75_30"
"Sp_75_30_52","Manual Telephone Exchange Spaces","Sp_75_30"
"Sp_75_30_88","Telecommunications Control Spaces","Sp_75_30"
"Sp_75_30_89","Telephone Booths","Sp_75_30"
"Sp_75_30_90","Telephone Boxes","Sp_75_30"
"Sp_75_70","Electronic Security Spaces","Sp_75"
"Sp_75_70_28","Electronic Security Control Rooms","Sp_75_70"
"Sp_75_80","Electronic Safety Spaces","Sp_75"
"Sp_75_80_27","Electronic Safety Control Rooms","Sp_75_80"
"Sp_75_90","Electronic Protection Spaces","Sp_75"
"Sp_75_90_26","Electronic Protection Control Rooms","Sp_75_90"
"Sp_80","Rail Spaces","Sp"
"Sp_80_10","Railways","Sp_80"
"Sp_80_10_50","Marshalling Yards","Sp_80_10"
"Sp_80_10_58","Overpasses","Sp_80_10"
"Sp_80_10_71","Railway Side Reservations","Sp_80_10"
"Sp_80_10_75","Railway Tracks","Sp_80_10"
"Sp_80_10_77","Signal Control Spaces","Sp_80_10"
"Sp_80_10_92","Underpasses","Sp_80_10"
"Sp_80_80","Rail Loading And Embarkation Spaces","Sp_80"
"Sp_80_80_08","Boarding Areas","Sp_80_80"
"Sp_80_80_20","Customs Control Areas","Sp_80_80"
"Sp_80_80_34","Goods Loading/ Unloading Areas","Sp_80_80"
"Sp_80_80_60","Passport Control Offices","Sp_80_80"
"Sp_80_80_64","Platforms","Sp_80_80"
"Sp_80_80_72","Railway Station Halls/ Concourses","Sp_80_80"
"Sp_80_80_82","Station Forecourts","Sp_80_80"
"Sp_80_80_88","Ticket Offices","Sp_80_80"
"Sp_80_80_90","Train Stops","Sp_80_80"
"Sp_80_80_94","Vehicle Loading/ Unloading Areas","Sp_80_80"
"Sp_80_90","Rail Storage And Repair Spaces","Sp_80"
"Sp_80_90_11","Carriage Cleaning Spaces","Sp_80_90"
"Sp_80_90_26","Engine Fuelling Areas","Sp_80_90"
"Sp_80_90_27","Engine Inspection Pits","Sp_80_90"
"Sp_80_90_28","Engine Servicing Areas","Sp_80_90"
"Sp_80_90_29","Engine Wash Areas","Sp_80_90"
"Sp_80_90_70","Rail Repair Spaces","Sp_80_90"
"Sp_81","Road Spaces","Sp"
"Sp_81_10","Roadways","Sp_81"
"Sp_81_10_08","Bus Manoeuvring Areas","Sp_81_10"
"Sp_81_10_11","Car Manoeuvring Areas – Indoor ","Sp_81_10"
"Sp_81_10_12","Car Manoeuvring Areas – Outdoor ","Sp_81_10"
"Sp_81_10_16","Central Reservations","Sp_81_10"
"Sp_81_10_20","Cycle Lanes","Sp_81_10"
"Sp_81_10_27","Emergency Lanes","Sp_81_10"
"Sp_81_10_36","Hard Shoulders","Sp_81_10"
"Sp_81_10_42","Intersections","Sp_81_10"
"Sp_81_10_46","Lay-Bys And Passing Places","Sp_81_10"
"Sp_81_10_61","Pathways","Sp_81_10"
"Sp_81_10_62","Pavements (roadside)","Sp_81_10"
"Sp_81_10_63","Pedestrian Crossings","Sp_81_10"
"Sp_81_10_64","Pedestrian Refuges And Islands","Sp_81_10"
"Sp_81_10_70","Railway Crossings","Sp_81_10"
"Sp_81_10_72","Road Lanes – Fast ","Sp_81_10"
"Sp_81_10_73","Road Lanes – Slow","Sp_81_10"
"Sp_81_10_77","Side Reservations","Sp_81_10"
"Sp_81_10_80","Soft Shoulders","Sp_81_10"
"Sp_81_10_90","Truck Manoeuvring Areas","Sp_81_10"
"Sp_81_80","Road Loading And Embarkation Spaces","Sp_81"
"Sp_81_80_05","Boarding Areas","Sp_81_80"
"Sp_81_80_06","Bus Station Halls/ Concourses","Sp_81_80"
"Sp_81_80_10","Bus Stops","Sp_81_80"
"Sp_81_80_19","Customs Control Areas","Sp_81_80"
"Sp_81_80_60","Passport Control Offices","Sp_81_80"
"Sp_81_90","Road Storage And Repair Spaces","Sp_81"
"Sp_81_90_09","Bus Standing Spaces","Sp_81_90"
"Sp_81_90_13","Car Parking Spaces – Indoor ","Sp_81_90"
"Sp_81_90_14","Car Parking Spaces – Outdoor ","Sp_81_90"
"Sp_81_90_15","Car Park Ramps","Sp_81_90"
"Sp_81_90_91","Truck Standing Spaces","Sp_81_90"
"Sp_81_90_94","Vehicle Fuelling Areas","Sp_81_90"
"Sp_81_90_95","Vehicle Inspection Pits","Sp_81_90"
"Sp_81_90_96","Vehicle Servicing Areas","Sp_81_90"
"Sp_81_90_97","Vehicle Wash Areas","Sp_81_90"
"Sp_82","Marine And Waterway Spaces","Sp"
"Sp_82_10","Marine And Waterways","Sp_82"
"Sp_82_10_11","Canal Locks","Sp_82_10"
"Sp_82_10_12","Canals","Sp_82_10"
"Sp_82_10_37","Harbour Locks","Sp_82_10"
"Sp_82_10_94","Viaducts","Sp_82_10"
"Sp_82_80","Marine And Waterway Loading And Embarkation Spaces","Sp_82"
"Sp_82_80_05","Baggage Handling Areas","Sp_82_80"
"Sp_82_80_09","Boarding Areas","Sp_82_80"
"Sp_82_80_14","Cargo Loading Areas","Sp_82_80"
"Sp_82_80_20","Customs Control Areas","Sp_82_80"
"Sp_82_80_33","Gangways","Sp_82_80"
"Sp_82_80_36","Harbour Control Spaces","Sp_82_80"
"Sp_82_80_44","Jetties","Sp_82_80"
"Sp_82_80_46","Landing Stages","Sp_82_80"
"Sp_82_80_61","Passport Control Offices","Sp_82_80"
"Sp_82_80_77","Shipping Halls/ Concourses","Sp_82_80"
"Sp_82_90","Marine And Waterway Storage And Repair Spaces","Sp_82"
"Sp_82_90_06","Baggage Storage Areas","Sp_82_90"
"Sp_82_90_08","Boat Repair Spaces","Sp_82_90"
"Sp_82_90_09","Boat Storage Spaces","Sp_82_90"
"Sp_82_90_10","Breakwaters","Sp_82_90"
"Sp_82_90_13","Cargo Handling Areas","Sp_82_90"
"Sp_82_90_15","Cargo Storage Areas","Sp_82_90"
"Sp_82_90_24","Dry Docks","Sp_82_90"
"Sp_82_90_30","Floating Docks","Sp_82_90"
"Sp_82_90_35","Groynes And Other Protective Works","Sp_82_90"
"Sp_82_90_47","Lifeboat Vessel Storage And Launch Spaces","Sp_82_90"
"Sp_82_90_63","Piers","Sp_82_90"
"Sp_82_90_69","Quays","Sp_82_90"
"Sp_82_90_79","Slipways","Sp_82_90"
"Sp_82_90_96","Warning Beacon Rooms","Sp_82_90"
"Sp_82_90_97","Wet Docks","Sp_82_90"
"Sp_82_90_98","Wharfs","Sp_82_90"
"Sp_83","Cable Transport Spaces","Sp"
"Sp_83_10","Cableways","Sp_83"
"Sp_83_10_13","Cableways","Sp_83_10"
"Sp_83_80","Cable Transport Loading And Embarkation Spaces","Sp_83"
"Sp_83_80_11","Cable Transport Embarkation Spaces","Sp_83_80"
"Sp_83_80_12","Cable Transport Loading Spaces","Sp_83_80"
"Sp_83_90","Cable Transport Storage And Repair Spaces","Sp_83"
"Sp_83_90_34","Gondola Repair And Cleaning Spaces","Sp_83_90"
"Sp_83_90_35","Gondola Storage Spaces","Sp_83_90"
"Sp_84","Aerospace Spaces","Sp"
"Sp_84_10","Aerospace Ground Spaces","Sp_84"
"Sp_84_10_02","Aeroplane Landing Strips","Sp_84_10"
"Sp_84_10_03","Aeroplane Runways","Sp_84_10"
"Sp_84_10_04","Aircraft Manoeuvring Areas (taxiways)","Sp_84_10"
"Sp_84_10_05","Aircraft Manoeuvring Buffer Areas","Sp_84_10"
"Sp_84_10_06","Aircraft Standing Areas","Sp_84_10"
"Sp_84_10_37","Helipads","Sp_84_10"
"Sp_84_80","Aerospace Loading And Embarkation Spaces","Sp_84"
"Sp_84_80_04","Aircraft Fuelling Spaces","Sp_84_80"
"Sp_84_80_05","Arrivals Gates","Sp_84_80"
"Sp_84_80_06","Baggage Claim Areas","Sp_84_80"
"Sp_84_80_07","Baggage Handling Areas","Sp_84_80"
"Sp_84_80_11","Boarding Areas","Sp_84_80"
"Sp_84_80_12","Cargo Handling Areas","Sp_84_80"
"Sp_84_80_13","Cargo Loading Areas","Sp_84_80"
"Sp_84_80_16","Concourses","Sp_84_80"
"Sp_84_80_20","Customs Control Areas","Sp_84_80"
"Sp_84_80_22","Departures Gates","Sp_84_80"
"Sp_84_80_60","Passport Control Offices","Sp_84_80"
"Sp_84_90","Aerospace Storage And Repair Spaces","Sp_84"
"Sp_84_90_01","Aircraft Cleaning Spaces","Sp_84_90"
"Sp_84_90_04","Aircraft Repair Spaces","Sp_84_90"
"Sp_84_90_06","Airport Control Spaces","Sp_84_90"
"Sp_84_90_10","Baggage Storage Areas","Sp_84_90"
"Sp_84_90_14","Cargo Storage Areas","Sp_84_90"
"Sp_84_90_36","Hanger Spaces","Sp_84_90"
"Sp_84_90_79","Spacecraft Cleaning Spaces","Sp_84_90"
"Sp_84_90_81","Spacecraft Preparation Spaces","Sp_84_90"
"Sp_84_90_82","Spacecraft Repair Spaces","Sp_84_90"
"Sp_84_90_83","Spacecraft Storage Spaces","Sp_84_90"
"Sp_85","Process Engineering Spaces","Sp"
"Sp_90","General Spaces","Sp"
"Sp_90_10","General Circulation Spaces","Sp_90"
"Sp_90_90","Unoccupied Voids","Sp_90"
"Sp_95","Temporary Spaces","Sp"
